"gr","V.ID","V.freq","Pattern","Author.ID","Edit","Edit2","Edit.diff","S.TEXT","r01","r12","r23","r3x","r02","r13","r2x","A0","A0r1","A1","A1r1","A1r2","A1r3","A2","A3","A4","A4r1","A4r2","A4r3","A5","A6r1","A6","ahc.memb","hc.member.trans1","A0.check","A1.check","A2.check","A3.check","A4.check","A4r1.check2","A4r2.check","A4r3.check","A5.check","A6r1.check","A6.check","challenge.index"
1,"v183",183,"p2",1,"n","n",1,"幼児が肩車で茎に手を届いた。",0.01875,0.2625,0.29375,0.425,0.28125,0.55625,"0.71875","UNA","UNA","UNA","UNA","UNA","UNA","UNA","UNA","UNA","UNA","UNA","UNA","UNA","UNA","UNA",3,"UNA","1","1","1","1","1","1","1","1","1","1","1",0
2,"v470",470,"p3",2,"p","p",1,"通り魔が休日の路上が通行者を不意に襲った。",0.0196078431372549,0.326797385620915,0.254901960784314,0.398692810457516,0.34640522875817,0.581699346405229,"0.65359477124182996","UNA","UNA","UNA","UNA","UNA","UNA","UNA","UNA","UNA","X","UNA","UNA","UNA","UNA","UNA",3,"UNA","1","1","1","1","1","0","1","1","1","1","1",0.0909090909090909
3,"v25",25,"p4",3,"p","p",1,"担当者が携帯で出張先を電話を入れた。",0.0903225806451613,0.367741935483871,0.32258064516129,0.219354838709677,0.458064516129032,0.690322580645161,"0.54193548387096702","UNA","UNA","UNA","UNA","UNA","UNA","UNA","UNA","X","X","X","X","X","X","X",2,"X","0","0","0","0","1","1","1","1","1","1","1",0.363636363636364
4,"v145",145,"p5",1,"p","p",1,"市民が広場で銃声と叫び声が聞こえた。",0.0596026490066225,0.397350993377483,0.344370860927152,0.198675496688742,0.456953642384105,0.741721854304635,"0.54304635761589404","UNA","UNA","UNA","UNA","UNA","UNA","UNA","UNA","X","X","X","X","X","X","X",2,"X","0","0","0","0","1","1","1","1","1","1","1",0.363636363636364
5,"v25",25,"p4",3,"n","n",1,"担当者が携帯で出張さきから電話を入れた。",0.882758620689655,0.096551724137931,0.0137931034482759,0.00689655172413793,0.979310344827586,0.110344827586207,"2.0689655172413831E-2","A","A","A","A","A","A","A","A","A","A","A","A","A","A","A",1,"A","1","1","1","1","1","1","1","1","1","1","1",0
6,"v829",829,"p1",1,"p","p",1,"青年が震災が救出時に飼い犬と助かった。",0.0481927710843374,0.271084337349398,0.301204819277108,0.379518072289157,0.319277108433735,0.572289156626506,"0.68072289156626509","UNA","UNA","UNA","UNA","UNA","UNA","UNA","UNA","UNA","X","UNA","UNA","UNA","UNA","UNA",3,"UNA","1","1","1","1","1","0","1","1","1","1","1",0.0909090909090909
7,"v210",210,"p1",3,"s","s",1,"同僚と北海道で温泉に部下が遊んだ。",0.00645161290322581,0.187096774193548,0.329032258064516,0.47741935483871,0.193548387096774,0.516129032258064,"0.80645161290322598","UNA","UNA","UNA","UNA","UNA","UNA","UNA","UNA","UNA","UNA","UNA","UNA","UNA","UNA","UNA",3,"UNA","1","1","1","1","1","1","1","1","1","1","1",0
8,"v807",807,"p4",3,"s","s",1,"先生が一から赤ペンで文章を直した。",0.816326530612245,0.156462585034014,0.0272108843537415,0,0.972789115646259,0.183673469387756,"2.7210884353741499E-2","A","A","A","A","A","A","A","A","A","A","A","A","A","A","A",1,"A","1","1","1","1","1","1","1","1","1","1","1",0
9,"v470",470,"p3",2,"v","v",1,"通り魔が休日の路上で通行者を不意に追い払った。",0.169934640522876,0.274509803921569,0.287581699346405,0.26797385620915,0.444444444444445,0.562091503267974,"0.55555555555555491","UNA","UNA","UNA","UNA","UNA","UNA","UNA","UNA","X","X","X","X","X","Y","X",2,"X","0","0","0","0","1","1","1","1","1","0","1",0.454545454545455
0,"v25",25,"p4",3,"n","n",1,"担当者が携帯で出張もさから電話を入れた。",0,0.124183006535948,0.241830065359477,0.633986928104575,0.124183006535948,0.366013071895425,"0.87581699346405206","UNA","UNA","UNA","UNA","UNA","UNA","UNA","UNA","UNA","UNA","UNA","UNA","UNA","UNA","UNA",3,"UNA","1","1","1","1","1","1","1","1","1","1","1",0
1,"v210",210,"p1",3,"n","n",1,"同僚が北海道で温泉に同僚と遊んだ。",0.025,0.36875,0.35,0.25625,0.39375,0.71875,"0.60624999999999996","UNA","UNA","UNA","UNA","UNA","UNA","UNA","UNA","UNA","X","UNA","X","X","X","X",2,"X","0","0","0","0","0","1","0","1","1","1","1",0.545454545454545
2,"v450",450,"p4",1,"v","v",1,"高得点者が掲示で一位から十位を見れた。",0.0849673202614379,0.281045751633987,0.339869281045752,0.294117647058824,0.366013071895425,0.620915032679739,"0.63398692810457602","UNA","UNA","UNA","UNA","UNA","UNA","UNA","UNA","UNA","X","UNA","X","UNA","Y","X",3,"UNA","1","1","1","1","1","0","1","0","1","0","0",0.363636363636364
3,"v326",326,"p4",3,"p","p",1,"捕虜が尋問に忠誠心から秘密を黙った。",0.0774193548387097,0.451612903225806,0.290322580645161,0.180645161290323,0.529032258064516,0.741935483870967,"0.47096774193548396","A","A","UNA","UNA","UNA","UNA","UNA","A","X","X","X","X","X","X","X",2,"X","0","0","0","0","1","1","1","1","1","1","1",0.363636363636364
4,"v450",450,"p4",1,"n","n",1,"高得点者が掲示で一位から九位を載った。",0.0264900662251656,0.271523178807947,0.384105960264901,0.317880794701987,0.298013245033113,0.655629139072848,"0.701986754966888","UNA","UNA","UNA","UNA","UNA","UNA","UNA","UNA","UNA","UNA","UNA","UNA","UNA","Y","X",3,"UNA","1","1","1","1","1","1","1","1","1","0","0",0.181818181818182
5,"v450",450,"p3",1,"v","v",1,"学者が論文賞で顔写真を広報誌に見れた。",0.00689655172413793,0.206896551724138,0.337931034482759,0.448275862068966,0.213793103448276,0.544827586206897,"0.78620689655172504","UNA","UNA","UNA","UNA","UNA","UNA","UNA","UNA","UNA","UNA","UNA","UNA","UNA","UNA","UNA",3,"UNA","1","1","1","1","1","1","1","1","1","1","1",0
6,"v18",18,"p2",3,"v","v",1,"母がキッチンで早朝にラジオを尋ねた。",0.00602409638554217,0.114457831325301,0.253012048192771,0.626506024096386,0.120481927710843,0.367469879518072,"0.87951807228915702","UNA","UNA","UNA","UNA","UNA","UNA","UNA","UNA","UNA","UNA","UNA","UNA","UNA","UNA","UNA",3,"UNA","1","1","1","1","1","1","1","1","1","1","1",0
7,"v447",447,"p5",1,"s","s",1,"血管と神経を手術で医師がつないだ。",0.483870967741935,0.367741935483871,0.103225806451613,0.0451612903225806,0.851612903225806,0.470967741935484,"0.14838709677419359","A","A","A","A","A","A","A","A","A","A","A","A","A","A","A",1,"A","1","1","1","1","1","1","1","1","1","1","1",0
8,"v210",210,"p3",1,"n","n",1,"オコジョが動物園で氷を足元に遊んだ。",0.0476190476190476,0.238095238095238,0.387755102040816,0.326530612244898,0.285714285714286,0.625850340136054,"0.71428571428571397","UNA","UNA","UNA","UNA","UNA","UNA","UNA","UNA","UNA","UNA","UNA","UNA","UNA","Y","X",3,"UNA","1","1","1","1","1","1","1","1","1","0","0",0.181818181818182
9,"v807",807,"p4",3,"s","s",1,"先生が赤ペンで文章を一から直した。",0.915032679738562,0.065359477124183,0.0130718954248366,0.0065359477124183,0.980392156862745,0.0784313725490196,"1.9607843137254902E-2","A","A","A","A","A","A","A","A","A","A","A","A","A","A","A",1,"A","1","1","1","1","1","1","1","1","1","1","1",0
0,"v958",958,"p3",1,"p","p",1,"熊がサーカスで自転車をトレーナーを習った。",0.0326797385620915,0.202614379084967,0.254901960784314,0.509803921568627,0.235294117647058,0.457516339869281,"0.7647058823529409","UNA","UNA","UNA","UNA","UNA","UNA","UNA","UNA","UNA","UNA","UNA","UNA","UNA","UNA","UNA",3,"UNA","1","1","1","1","1","1","1","1","1","1","1",0
1,"v958",958,"p5",3,"o","o",1,"弟が家で妹と料理を習った。",0.8,0.15625,0.03125,0.0125,0.95625,0.1875,"4.3749999999999997E-2","A","A","A","A","A","A","A","A","A","A","A","A","A","A","A",1,"A","1","1","1","1","1","1","1","1","1","1","1",0
2,"v345",345,"p1",3,"s","s",1,"ピンチに続編で宿敵が主人公と助けた。",0.0065359477124183,0.156862745098039,0.300653594771242,0.535947712418301,0.163398692810457,0.457516339869281,"0.83660130718954295","UNA","UNA","UNA","UNA","UNA","UNA","UNA","UNA","UNA","UNA","UNA","UNA","UNA","UNA","UNA",3,"UNA","1","1","1","1","1","1","1","1","1","1","1",0
3,"v470",470,"p4",2,"s","s",1,"暴漢が鋭利な刃物で人を背後から襲った。",0.851612903225806,0.103225806451613,0.032258064516129,0.0129032258064516,0.954838709677419,0.135483870967742,"4.5161290322580594E-2","A","A","A","A","A","A","A","A","A","A","A","A","A","A","A",1,"A","1","1","1","1","1","1","1","1","1","1","1",0
4,"v958",958,"p4",1,"s","s",1,"後輩が現場で基礎を先輩から習った。",0.688741721854305,0.258278145695364,0.0529801324503311,0,0.947019867549669,0.311258278145695,"5.2980132450331098E-2","A","A","A","A","A","A","A","A","A","A","A","A","A","A","A",1,"A","1","1","1","1","1","1","1","1","1","1","1",0
5,"v958",958,"p1",1,"p","p",1,"医学生で解剖実習で医師に看護師と習った。",0.0275862068965517,0.186206896551724,0.358620689655172,0.427586206896552,0.213793103448276,0.544827586206896,"0.78620689655172404","UNA","UNA","UNA","UNA","UNA","UNA","UNA","UNA","UNA","UNA","UNA","UNA","UNA","UNA","UNA",3,"UNA","1","1","1","1","1","1","1","1","1","1","1",0
6,"v447",447,"p5",1,"v","v",1,"医師が手術で血管と神経を結んだ。",0.602409638554217,0.240963855421687,0.0843373493975904,0.072289156626506,0.843373493975904,0.325301204819277,"0.15662650602409639","A","A","A","A","A","UNA","A","A","A","A","A","A","A","A","A",1,"A","1","0","1","1","1","1","1","1","1","1","1",0.0909090909090909
7,"v111",111,"p2",1,"o","o",1,"社長が口頭で社員に解雇を伝えた。",0.929032258064516,0.0451612903225806,0.0193548387096774,0.00645161290322581,0.974193548387097,0.064516129032258,"2.5806451612903208E-2","A","A","A","A","A","A","A","A","A","A","A","A","A","A","A",1,"A","1","1","1","1","1","1","1","1","1","1","1",0
8,"v958",958,"p1",1,"n","n",1,"医学生が解剖実習で医師に看護居士と習った。",0.0204081632653061,0.142857142857143,0.319727891156463,0.517006802721088,0.163265306122449,0.462585034013606,"0.83673469387755106","UNA","UNA","UNA","UNA","UNA","UNA","UNA","UNA","UNA","UNA","UNA","UNA","UNA","UNA","UNA",3,"UNA","1","1","1","1","1","1","1","1","1","1","1",0
9,"v210",210,"p1",3,"v","v",1,"部下が北海道で温泉に同僚と遊べだ。",0,0.202614379084967,0.281045751633987,0.516339869281046,0.202614379084967,0.483660130718954,"0.79738562091503296","UNA","UNA","UNA","UNA","UNA","UNA","UNA","UNA","UNA","UNA","UNA","UNA","UNA","UNA","UNA",3,"UNA","1","1","1","1","1","1","1","1","1","1","1",0
0,"v831",831,"p3",1,"n","n",1,"伝書鳩が戦地で進攻を司令官に届けた。",0.366013071895425,0.30718954248366,0.196078431372549,0.130718954248366,0.673202614379085,0.503267973856209,"0.32679738562091498","A","A","A","UNA","UNA","UNA","A","A","A","X","X","X","A","A","A",2,"X","0","0","0","0","0","1","1","1","0","0","0",0.727272727272727
1,"v25",25,"p3",3,"s","s",1,"スプーンで男性が角砂糖を紅茶に入れた。",0.5125,0.4375,0.0375,0.0125,0.95,0.475,"0.05","A","A","A","A","A","A","A","A","A","A","A","A","A","A","A",1,"A","1","1","1","1","1","1","1","1","1","1","1",0
2,"v25",25,"p4",3,"s","s",1,"携帯で担当者が出張先から電話を入れた。",0.705882352941177,0.228758169934641,0.0392156862745098,0.0261437908496732,0.934640522875818,0.267973856209151,"6.5359477124182996E-2","A","A","A","A","A","A","A","A","A","A","A","A","A","A","A",1,"A","1","1","1","1","1","1","1","1","1","1","1",0
3,"v210",210,"p3",1,"s","s",1,"氷を動物園でシロクマが足元に遊んだ。",0,0.251612903225806,0.354838709677419,0.393548387096774,0.251612903225806,0.606451612903225,"0.74838709677419302","UNA","UNA","UNA","UNA","UNA","UNA","UNA","UNA","UNA","UNA","UNA","UNA","UNA","UNA","UNA",3,"UNA","1","1","1","1","1","1","1","1","1","1","1",0
4,"v807",807,"p4",3,"v","v",1,"先生が赤ペンで一から文章を作り直した。",0.721854304635762,0.19205298013245,0.0662251655629139,0.0198675496688742,0.913907284768212,0.258278145695364,"8.6092715231788103E-2","A","A","A","A","A","A","A","A","A","A","A","A","A","A","A",1,"A","1","1","1","1","1","1","1","1","1","1","1",0
5,"v183",183,"p2",1,"p","p",1,"幼児が肩車で枝から手を届いた。",0,0.262068965517241,0.310344827586207,0.427586206896552,0.262068965517241,0.572413793103448,"0.73793103448275899","UNA","UNA","UNA","UNA","UNA","UNA","UNA","UNA","UNA","UNA","UNA","UNA","UNA","UNA","UNA",3,"UNA","1","1","1","1","1","1","1","1","1","1","1",0
6,"v18",18,"p1",3,"v","v",1,"娘が病院で医者に重症と聴いた。",0.307228915662651,0.379518072289157,0.216867469879518,0.0963855421686747,0.686746987951808,0.596385542168675,"0.31325301204819267","A","A","A","UNA","UNA","UNA","A","A","A","X","X","X","A","X","X",2,"X","0","0","0","0","0","1","1","1","0","1","1",0.545454545454545
7,"v145",145,"p5",1,"n","n",1,"コミュニティが広場で銃声と叫び声を聞こえた。",0.0193548387096774,0.141935483870968,0.361290322580645,0.47741935483871,0.161290322580645,0.503225806451613,"0.83870967741935498","UNA","UNA","UNA","UNA","UNA","UNA","UNA","UNA","UNA","UNA","UNA","UNA","UNA","UNA","UNA",3,"UNA","1","1","1","1","1","1","1","1","1","1","1",0
8,"v345",345,"p4",3,"p","p",1,"人が河原で洪水から子猫が助けた。",0.0680272108843537,0.251700680272109,0.238095238095238,0.442176870748299,0.319727891156463,0.489795918367347,"0.68027210884353695","UNA","UNA","UNA","UNA","UNA","UNA","UNA","UNA","UNA","X","UNA","UNA","UNA","UNA","UNA",3,"UNA","1","1","1","1","1","0","1","1","1","1","1",0.0909090909090909
9,"v470",470,"p2",2,"n","n",1,"温血動物が全速力で見事にガゼルを襲った。",0.202614379084967,0.300653594771242,0.294117647058824,0.202614379084967,0.503267973856209,0.594771241830066,"0.49673202614379097","A","A","UNA","UNA","UNA","UNA","UNA","A","X","X","X","X","X","X","X",2,"X","0","0","0","0","1","1","1","1","1","1","1",0.363636363636364
0,"v807",807,"p3",1,"s","s",1,"職員がまっすぐに絵画を美術館で直した。",0.0980392156862745,0.366013071895425,0.287581699346405,0.248366013071895,0.464052287581699,0.65359477124183,"0.53594771241829997","UNA","UNA","UNA","UNA","UNA","UNA","UNA","UNA","X","X","X","X","X","X","X",2,"X","0","0","0","0","1","1","1","1","1","1","1",0.363636363636364
1,"v18",18,"p2",3,"n","n",1,"祖母がキッチンで早朝にラジオを聞いた。",0.775,0.175,0.05,0,0.95,0.225,"0.05","A","A","A","A","A","A","A","A","A","A","A","A","A","A","A",1,"A","1","1","1","1","1","1","1","1","1","1","1",0
2,"v40",40,"p2",2,"v","v",1,"講師が受験対策で学生に良い解法を教わった。",0.111111111111111,0.189542483660131,0.444444444444444,0.254901960784314,0.300653594771242,0.633986928104575,"0.69934640522875791","UNA","UNA","UNA","UNA","UNA","UNA","UNA","UNA","UNA","X","UNA","UNA","UNA","Y","X",3,"UNA","1","1","1","1","1","0","1","1","1","0","0",0.272727272727273
3,"v470",470,"p4",2,"v","v",1,"暴漢が鋭利な刃物で背後から人を襲いかかった。",0.270967741935484,0.496774193548387,0.161290322580645,0.0709677419354839,0.767741935483871,0.658064516129032,"0.2322580645161289","A","A","A","A","UNA","UNA","A","A","A","A","X","X","A","X","X",2,"X","0","0","0","0","0","0","1","1","0","1","1",0.636363636363636
4,"v958",958,"p3",1,"v","v",1,"熊がサーカスで自転車をトレーナーに習わせた。",0.00662251655629139,0.165562913907285,0.291390728476821,0.536423841059603,0.172185430463576,0.456953642384106,"0.82781456953642396","UNA","UNA","UNA","UNA","UNA","UNA","UNA","UNA","UNA","UNA","UNA","UNA","UNA","UNA","UNA",3,"UNA","1","1","1","1","1","1","1","1","1","1","1",0
5,"v18",18,"p4",1,"s","s",1,"部下が噂を上司から給湯室で聞いた。",0.331034482758621,0.413793103448276,0.193103448275862,0.0620689655172414,0.744827586206897,0.606896551724138,"0.2551724137931034","A","A","A","A","UNA","UNA","A","A","A","A","X","X","A","X","X",2,"X","0","0","0","0","0","0","1","1","0","1","1",0.636363636363636
6,"v831",831,"p3",1,"s","s",1,"戦況を戦地で伝書鳩が司令官に届けた。",0.253012048192771,0.44578313253012,0.210843373493976,0.0903614457831325,0.698795180722891,0.656626506024096,"0.30120481927710852","A","A","A","UNA","UNA","UNA","A","A","A","X","X","X","A","X","X",2,"X","0","0","0","0","0","1","1","1","0","1","1",0.545454545454545
7,"v450",450,"p3",1,"o","o",1,"学者が論文賞で顔写真を広報誌に載った。",0.00645161290322581,0.361290322580645,0.367741935483871,0.264516129032258,0.367741935483871,0.729032258064516,"0.63225806451612909","UNA","UNA","UNA","UNA","UNA","UNA","UNA","UNA","UNA","X","UNA","X","X","Y","X",2,"X","0","0","0","0","0","1","0","1","1","0","1",0.636363636363636
8,"v210",210,"p1",3,"v","v",1,"部下が北海道で温泉に同僚と楽しんだ。",0.0476190476190476,0.408163265306122,0.258503401360544,0.285714285714286,0.45578231292517,0.666666666666666,"0.54421768707482998","UNA","UNA","UNA","UNA","UNA","UNA","UNA","UNA","X","X","X","X","X","X","X",2,"X","0","0","0","0","1","1","1","1","1","1","1",0.363636363636364
9,"v145",145,"p5",1,"s","s",1,"市民が銃声と叫び声を広場で聞こえた。",0.0457516339869281,0.38562091503268,0.300653594771242,0.26797385620915,0.431372549019608,0.686274509803922,"0.56862745098039191","UNA","UNA","UNA","UNA","UNA","UNA","UNA","UNA","X","X","X","X","X","X","X",2,"X","0","0","0","0","1","1","1","1","1","1","1",0.363636363636364
0,"v831",831,"p3",1,"v","v",1,"伝書鳩が戦地で戦況を司令官に送り届けた。",0.679738562091503,0.235294117647059,0.065359477124183,0.0196078431372549,0.915032679738562,0.300653594771242,"8.4967320261437898E-2","A","A","A","A","A","A","A","A","A","A","A","A","A","A","A",1,"A","1","1","1","1","1","1","1","1","1","1","1",0
1,"v18",18,"p1",3,"o","o",1,"娘が病院で医者に重症と聞いた。",0.43125,0.325,0.2,0.04375,0.75625,0.525,"0.24375000000000002","A","A","A","A","UNA","UNA","A","A","A","A","X","X","A","A","A",2,"X","0","0","0","0","0","0","1","1","0","0","0",0.818181818181818
2,"v450",450,"p4",1,"o","o",1,"高得点者が掲示で一位から十位を載った。",0.0261437908496732,0.352941176470588,0.274509803921569,0.34640522875817,0.379084967320261,0.627450980392157,"0.62091503267973902","UNA","UNA","UNA","UNA","UNA","UNA","UNA","UNA","UNA","X","UNA","X","X","X","X",2,"X","0","0","0","0","0","1","0","1","1","1","1",0.545454545454545
3,"v18",18,"p4",1,"n","n",1,"上司が給湯室で上司から噂を聞いた。",0.109677419354839,0.296774193548387,0.270967741935484,0.32258064516129,0.406451612903226,0.567741935483871,"0.59354838709677393","UNA","UNA","UNA","UNA","UNA","UNA","UNA","UNA","X","X","X","X","UNA","UNA","UNA",3,"UNA","1","1","1","1","0","0","0","0","1","1","1",0.363636363636364
4,"v345",345,"p1",3,"o","o",1,"宿敵が続編でピンチに主人公と助けた。",0.0198675496688742,0.211920529801325,0.397350993377483,0.370860927152318,0.231788079470199,0.609271523178808,"0.76821192052980103","UNA","UNA","UNA","UNA","UNA","UNA","UNA","UNA","UNA","UNA","UNA","UNA","UNA","Y","X",3,"UNA","1","1","1","1","1","1","1","1","1","0","0",0.181818181818182
5,"v111",111,"p4",1,"v","v",1,"司令官が無線で本部から命令をくみ取った。",0.193103448275862,0.468965517241379,0.262068965517241,0.0758620689655172,0.662068965517241,0.73103448275862,"0.33793103448275819","A","A","A","UNA","UNA","UNA","UNA","A","A","X","X","X","X","X","X",2,"X","0","0","0","0","0","1","1","1","1","1","1",0.454545454545455
6,"v183",183,"p2",1,"v","v",1,"幼児が肩車で枝に手を出せた。",0.0843373493975904,0.44578313253012,0.192771084337349,0.27710843373494,0.53012048192771,0.638554216867469,"0.469879518072289","A","A","UNA","UNA","UNA","UNA","UNA","A","X","X","X","X","X","X","X",2,"X","0","0","0","0","1","1","1","1","1","1","1",0.363636363636364
7,"v145",145,"p5",1,"n","n",1,"市民が広場で足音と叫び声を聞こえた。",0.12258064516129,0.4,0.264516129032258,0.212903225806452,0.52258064516129,0.664516129032258,"0.47741935483871001","A","A","UNA","UNA","UNA","UNA","UNA","A","X","X","X","X","X","X","X",2,"X","0","0","0","0","1","1","1","1","1","1","1",0.363636363636364
8,"v25",25,"p4",3,"p","p",1,"担当者が携帯で出張先から電話で入れた。",0.183673469387755,0.435374149659864,0.238095238095238,0.142857142857143,0.619047619047619,0.673469387755102,"0.38095238095238099","A","A","A","UNA","UNA","UNA","UNA","A","A","X","X","X","X","X","X",2,"X","0","0","0","0","0","1","1","1","1","1","1",0.454545454545455
9,"v145",145,"p3",1,"s","s",1,"ランナーが悲鳴を路上で夕暮れ時に聞こえた。",0.0196078431372549,0.202614379084967,0.34640522875817,0.431372549019608,0.222222222222222,0.549019607843137,"0.7777777777777779","UNA","UNA","UNA","UNA","UNA","UNA","UNA","UNA","UNA","UNA","UNA","UNA","UNA","UNA","UNA",3,"UNA","1","1","1","1","1","1","1","1","1","1","1",0
0,"v713",713,"p5",3,"s","s",1,"子供が足し算とかけ算を宿題で間違えた。",0.581699346405229,0.30718954248366,0.0849673202614379,0.0261437908496732,0.888888888888889,0.392156862745098,"0.1111111111111111","A","A","A","A","A","A","A","A","A","A","A","A","A","A","A",1,"A","1","1","1","1","1","1","1","1","1","1","1",0
1,"v713",713,"p5",3,"n","n",1,"子供が宿題で足し算と分数を間違えた。",0.76875,0.16875,0.05,0.0125,0.9375,0.21875,"6.25E-2","A","A","A","A","A","A","A","A","A","A","A","A","A","A","A",1,"A","1","1","1","1","1","1","1","1","1","1","1",0
2,"v1147",1147,"p1",1,"v","v",1,"夫が職場で真夜中に妻と会った。",0.705882352941177,0.150326797385621,0.0915032679738562,0.0522875816993464,0.856209150326798,0.241830065359477,"0.1437908496732026","A","A","A","A","A","A","A","A","A","A","A","A","A","A","A",1,"A","1","1","1","1","1","1","1","1","1","1","1",0
3,"v958",958,"p4",1,"v","v",1,"後輩が現場で先輩から基礎を通った。",0.103225806451613,0.206451612903226,0.309677419354839,0.380645161290323,0.309677419354839,0.516129032258065,"0.69032258064516205","UNA","UNA","UNA","UNA","UNA","UNA","UNA","UNA","UNA","X","UNA","UNA","UNA","UNA","UNA",3,"UNA","1","1","1","1","1","0","1","1","1","1","1",0.0909090909090909
4,"v829",829,"p1",1,"v","v",1,"青年が震災で救出時に飼い犬と救えた。",0.0198675496688742,0.278145695364238,0.350993377483444,0.350993377483444,0.298013245033112,0.629139072847682,"0.701986754966888","UNA","UNA","UNA","UNA","UNA","UNA","UNA","UNA","UNA","UNA","UNA","UNA","UNA","UNA","UNA",3,"UNA","1","1","1","1","1","1","1","1","1","1","1",0
5,"v26",26,"p3",2,"v","v",1,"彼女が手紙で真実を不意に話しかけた。",0.0551724137931034,0.268965517241379,0.344827586206897,0.331034482758621,0.324137931034482,0.613793103448276,"0.67586206896551804","UNA","UNA","UNA","UNA","UNA","UNA","UNA","UNA","UNA","X","UNA","UNA","UNA","Y","X",3,"UNA","1","1","1","1","1","0","1","1","1","0","0",0.272727272727273
6,"v18",18,"p4",1,"n","n",1,"上官が給湯室で上司から噂を聞いた。",0.373493975903614,0.331325301204819,0.150602409638554,0.144578313253012,0.704819277108433,0.481927710843373,"0.29518072289156599","A","A","A","UNA","UNA","UNA","A","A","A","A","X","X","A","A","A",2,"X","0","0","0","0","0","0","1","1","0","0","0",0.818181818181818
7,"v18",18,"p1",3,"v","v",1,"娘が病院で医者に重症と訊いた。",0.341935483870968,0.374193548387097,0.219354838709677,0.0645161290322581,0.716129032258065,0.593548387096774,"0.2838709677419351","A","A","A","UNA","UNA","UNA","A","A","A","A","X","X","A","X","X",2,"X","0","0","0","0","0","0","1","1","0","1","1",0.636363636363636
8,"v345",345,"p1",3,"v","v",1,"宿敵が続編でピンチに主人公と助け出した。",0.0272108843537415,0.204081632653061,0.374149659863946,0.394557823129252,0.231292517006803,0.578231292517007,"0.76870748299319802","UNA","UNA","UNA","UNA","UNA","UNA","UNA","UNA","UNA","UNA","UNA","UNA","UNA","UNA","UNA",3,"UNA","1","1","1","1","1","1","1","1","1","1","1",0
9,"v111",111,"p4",1,"n","n",1,"司令官が受信で本部から命令を伝えた。",0.0849673202614379,0.281045751633987,0.372549019607843,0.261437908496732,0.366013071895425,0.65359477124183,"0.63398692810457491","UNA","UNA","UNA","UNA","UNA","UNA","UNA","UNA","UNA","X","UNA","X","X","Y","X",3,"UNA","1","1","1","1","1","0","1","0","0","0","0",0.454545454545455
0,"v345",345,"p1",3,"s","s",1,"続編で宿敵がピンチに主人公と助けた。",0.0196078431372549,0.176470588235294,0.379084967320261,0.42483660130719,0.196078431372549,0.555555555555555,"0.80392156862745101","UNA","UNA","UNA","UNA","UNA","UNA","UNA","UNA","UNA","UNA","UNA","UNA","UNA","UNA","UNA",3,"UNA","1","1","1","1","1","1","1","1","1","1","1",0
1,"v155",155,"p2",3,"s","s",1,"抗議をデモで政府に大衆が繰り返した。",0.01875,0.28125,0.31875,0.38125,0.3,0.6,"0.7","UNA","UNA","UNA","UNA","UNA","UNA","UNA","UNA","UNA","X","UNA","UNA","UNA","UNA","UNA",3,"UNA","1","1","1","1","1","0","1","1","1","1","1",0.0909090909090909
2,"v958",958,"p5",3,"n","n",1,"弟が家で妹とゴーヤーチャンプルーを習った。",0.326797385620915,0.398692810457516,0.189542483660131,0.0849673202614379,0.725490196078431,0.588235294117647,"0.27450980392156887","A","A","A","A","UNA","UNA","A","A","A","A","X","X","A","X","X",2,"X","0","0","0","0","0","0","1","1","0","1","1",0.636363636363636
3,"v345",345,"p4",3,"p","p",1,"人が河原で洪水が子猫を助けた。",0.00645161290322581,0.180645161290323,0.303225806451613,0.509677419354839,0.187096774193549,0.483870967741936,"0.81290322580645202","UNA","UNA","UNA","UNA","UNA","UNA","UNA","UNA","UNA","UNA","UNA","UNA","UNA","UNA","UNA",3,"UNA","1","1","1","1","1","1","1","1","1","1","1",0
4,"v470",470,"p4",2,"p","p",1,"暴漢で鋭利な刃物で背後から人を襲った。",0.0728476821192053,0.43046357615894,0.298013245033113,0.198675496688742,0.503311258278145,0.728476821192053,"0.49668874172185495","A","A","UNA","UNA","UNA","UNA","UNA","A","X","X","X","X","X","X","X",2,"X","0","0","0","0","1","1","1","1","1","1","1",0.363636363636364
5,"v210",210,"p3",1,"s","s",1,"シロクマが足元に氷を動物園で遊んだ。",0.00689655172413793,0.227586206896552,0.406896551724138,0.358620689655172,0.23448275862069,0.63448275862069,"0.7655172413793101","UNA","UNA","UNA","UNA","UNA","UNA","UNA","UNA","UNA","UNA","UNA","UNA","UNA","Y","X",3,"UNA","1","1","1","1","1","1","1","1","1","0","0",0.181818181818182
6,"v713",713,"p5",3,"s","s",1,"足し算とかけ算を宿題で子供が間違えた。",0.283132530120482,0.487951807228916,0.162650602409639,0.0662650602409639,0.771084337349398,0.650602409638555,"0.2289156626506029","A","A","A","A","UNA","UNA","A","A","A","A","X","X","A","X","X",2,"X","0","0","0","0","0","0","1","1","0","1","1",0.636363636363636
7,"v829",829,"p1",1,"n","n",1,"青年が震災で救出正午に飼い犬と助かった。",0.0258064516129032,0.238709677419355,0.309677419354839,0.425806451612903,0.264516129032258,0.548387096774194,"0.73548387096774204","UNA","UNA","UNA","UNA","UNA","UNA","UNA","UNA","UNA","UNA","UNA","UNA","UNA","UNA","UNA",3,"UNA","1","1","1","1","1","1","1","1","1","1","1",0
8,"v111",111,"p2",1,"n","n",1,"社長が口頭で社内に解雇を伝えた。",0.251700680272109,0.299319727891156,0.251700680272109,0.197278911564626,0.551020408163265,0.551020408163265,"0.44897959183673503","A","A","UNA","UNA","UNA","UNA","A","A","X","X","X","X","A","X","X",2,"X","0","0","0","0","1","1","1","1","0","1","1",0.454545454545455
9,"v155",155,"p2",3,"o","o",1,"大衆がデモで政府に抗議を繰り返した。",0.790849673202614,0.150326797385621,0.0588235294117647,0,0.941176470588235,0.209150326797386,"5.8823529411764698E-2","A","A","A","A","A","A","A","A","A","A","A","A","A","A","A",1,"A","1","1","1","1","1","1","1","1","1","1","1",0
0,"v18",18,"p1",3,"n","n",1,"娘が病院で医者に軽症と聞いた。",0.418300653594771,0.38562091503268,0.156862745098039,0.0392156862745098,0.803921568627451,0.542483660130719,"0.19607843137254879","A","A","A","A","A","UNA","A","A","A","A","A","A","A","A","A",2,"X","0","0","0","0","0","0","0","0","0","0","0",1
1,"v958",958,"p1",1,"n","n",1,"医学生が解剖実習で医師に看護院と習った。",0.03125,0.2,0.3,0.46875,0.23125,0.5,"0.76875000000000004","UNA","UNA","UNA","UNA","UNA","UNA","UNA","UNA","UNA","UNA","UNA","UNA","UNA","UNA","UNA",3,"UNA","1","1","1","1","1","1","1","1","1","1","1",0
2,"v807",807,"p3",1,"p","p",1,"職員が美術館で絵画でまっすぐに直した。",0.163398692810458,0.287581699346405,0.30718954248366,0.241830065359477,0.450980392156863,0.594771241830065,"0.54901960784313697","UNA","UNA","UNA","UNA","UNA","UNA","UNA","UNA","X","X","X","X","X","Y","X",2,"X","0","0","0","0","1","1","1","1","1","0","1",0.454545454545455
3,"v450",450,"p4",1,"p","p",1,"高得点者が掲示で一位から十位が載った。",0.141935483870968,0.451612903225806,0.264516129032258,0.141935483870968,0.593548387096774,0.716129032258064,"0.40645161290322601","A","A","UNA","UNA","UNA","UNA","UNA","A","X","X","X","X","X","X","X",2,"X","0","0","0","0","1","1","1","1","1","1","1",0.363636363636364
4,"v111",111,"p2",1,"p","p",1,"社長が口頭で社員に解雇に伝えた。",0.437086092715232,0.28476821192053,0.139072847682119,0.139072847682119,0.721854304635762,0.423841059602649,"0.278145695364238","A","A","A","A","UNA","UNA","A","A","A","A","X","X","A","A","A",1,"A","0","0","1","1","1","1","0","0","1","1","1",0.363636363636364
5,"v111",111,"p2",1,"n","n",1,"オーナーが口頭で社員に解雇を伝えた。",0.951724137931034,0.0413793103448276,0.00689655172413793,0,0.993103448275862,0.0482758620689655,"6.8965517241379301E-3","A","A","A","A","A","A","A","A","A","A","A","A","A","A","A",1,"A","1","1","1","1","1","1","1","1","1","1","1",0
6,"v155",155,"p2",3,"p","p",1,"大衆までデモで政府に抗議を繰り返した。",0.186746987951807,0.391566265060241,0.192771084337349,0.228915662650602,0.578313253012048,0.58433734939759,"0.421686746987951","A","A","UNA","UNA","UNA","UNA","UNA","A","X","X","X","X","X","X","X",2,"X","0","0","0","0","1","1","1","1","1","1","1",0.363636363636364
7,"v25",25,"p3",3,"n","n",1,"男性がスプーンで角砂糖をコーヒーに入れた。",0.909677419354839,0.0774193548387097,0.0129032258064516,0,0.987096774193549,0.0903225806451613,"1.2903225806451601E-2","A","A","A","A","A","A","A","A","A","A","A","A","A","A","A",1,"A","1","1","1","1","1","1","1","1","1","1","1",0
8,"v345",345,"p4",3,"v","v",1,"人が河原で洪水から子猫を助け出した。",0.625850340136054,0.26530612244898,0.102040816326531,0.00680272108843537,0.891156462585034,0.367346938775511,"0.10884353741496637","A","A","A","A","A","A","A","A","A","A","A","A","A","A","A",1,"A","1","1","1","1","1","1","1","1","1","1","1",0
9,"v713",713,"p5",3,"p","p",1,"子供が宿題で足し算とかけ算に間違えた。",0.0784313725490196,0.313725490196078,0.379084967320261,0.228758169934641,0.392156862745098,0.692810457516339,"0.60784313725490202","UNA","UNA","UNA","UNA","UNA","UNA","UNA","UNA","UNA","X","UNA","X","X","Y","X",2,"X","0","0","0","0","0","1","0","1","1","0","1",0.636363636363636
0,"v807",807,"p2",1,"v","v",1,"脚本家が話し合いで前日に台詞を考え直した。",0.594771241830065,0.287581699346405,0.0915032679738562,0.0261437908496732,0.88235294117647,0.379084967320261,"0.11764705882352941","A","A","A","A","A","A","A","A","A","A","A","A","A","A","A",1,"A","1","1","1","1","1","1","1","1","1","1","1",0
1,"v25",25,"p3",3,"p","p",1,"男性がスプーンを角砂糖を紅茶に入れた。",0.06875,0.3625,0.25625,0.3125,0.43125,0.61875,"0.56874999999999998","UNA","UNA","UNA","UNA","UNA","UNA","UNA","UNA","X","X","X","X","X","X","X",2,"X","0","0","0","0","1","1","1","1","1","1","1",0.363636363636364
2,"v450",450,"p3",1,"n","n",1,"学的が論文賞で顔写真を広報誌に載った。",0,0.117647058823529,0.254901960784314,0.627450980392157,0.117647058823529,0.372549019607843,"0.88235294117647101","UNA","UNA","UNA","UNA","UNA","UNA","UNA","UNA","UNA","UNA","UNA","UNA","UNA","UNA","UNA",3,"UNA","1","1","1","1","1","1","1","1","1","1","1",0
3,"v18",18,"p4",1,"p","p",1,"部下で給湯室で上司から噂を聞いた。",0.0645161290322581,0.296774193548387,0.329032258064516,0.309677419354839,0.361290322580645,0.625806451612903,"0.63870967741935503","UNA","UNA","UNA","UNA","UNA","UNA","UNA","UNA","UNA","X","UNA","X","UNA","Y","X",3,"UNA","1","1","1","1","1","0","1","0","1","0","0",0.363636363636364
4,"v831",831,"p3",1,"n","n",1,"伝書鳩が戦地で戦況を司令官で届けた。",0.0927152317880795,0.450331125827815,0.23841059602649,0.218543046357616,0.543046357615894,0.688741721854305,"0.45695364238410602","A","A","UNA","UNA","UNA","UNA","UNA","A","X","X","X","X","X","X","X",2,"X","0","0","0","0","1","1","1","1","1","1","1",0.363636363636364
5,"v210",210,"p1",3,"p","p",1,"部下が北海道で温泉が同僚と遊んだ。",0,0.172413793103448,0.275862068965517,0.551724137931034,0.172413793103448,0.448275862068965,"0.82758620689655105","UNA","UNA","UNA","UNA","UNA","UNA","UNA","UNA","UNA","UNA","UNA","UNA","UNA","UNA","UNA",3,"UNA","1","1","1","1","1","1","1","1","1","1","1",0
6,"v807",807,"p2",1,"o","o",1,"脚本家が話し合いで前日に台詞を直した。",0.728915662650602,0.228915662650602,0.0240963855421687,0.0180722891566265,0.957831325301204,0.253012048192771,"4.2168674698795199E-2","A","A","A","A","A","A","A","A","A","A","A","A","A","A","A",1,"A","1","1","1","1","1","1","1","1","1","1","1",0
7,"v958",958,"p1",1,"p","p",1,"医学生が解剖実習で医師に看護師で習った。",0.00645161290322581,0.103225806451613,0.329032258064516,0.561290322580645,0.109677419354839,0.432258064516129,"0.89032258064516112","UNA","UNA","UNA","UNA","UNA","UNA","UNA","UNA","UNA","UNA","UNA","UNA","UNA","UNA","UNA",3,"UNA","1","1","1","1","1","1","1","1","1","1","1",0
8,"v210",210,"p3",1,"p","p",1,"シロクマに動物園で氷を足元に遊んだ。",0.00680272108843537,0.224489795918367,0.299319727891156,0.469387755102041,0.231292517006802,0.523809523809523,"0.76870748299319702","UNA","UNA","UNA","UNA","UNA","UNA","UNA","UNA","UNA","UNA","UNA","UNA","UNA","UNA","UNA",3,"UNA","1","1","1","1","1","1","1","1","1","1","1",0
9,"v22",22,"p3",5,"o","o",1,"船が遠回りで海路を安全に行った。",0.274509803921569,0.372549019607843,0.235294117647059,0.117647058823529,0.647058823529412,0.607843137254902,"0.35294117647058798","A","A","A","UNA","UNA","UNA","A","A","A","X","X","X","A","X","X",2,"X","0","0","0","0","0","1","1","1","0","1","1",0.545454545454545
0,"v470",470,"p4",2,"o","o",1,"暴漢が鋭利な刃物で背後から人を襲った。",0.895424836601307,0.0915032679738562,0.0130718954248366,0,0.986928104575163,0.104575163398693,"1.30718954248366E-2","A","A","A","A","A","A","A","A","A","A","A","A","A","A","A",1,"A","1","1","1","1","1","1","1","1","1","1","1",0
1,"v829",829,"p1",1,"o","o",1,"青年が震災で救出時に飼い犬と助かった。",0.1875,0.49375,0.2375,0.08125,0.68125,0.73125,"0.31874999999999998","A","A","A","UNA","UNA","UNA","UNA","A","A","X","X","X","X","X","X",2,"X","0","0","0","0","0","1","1","1","1","1","1",0.454545454545455
2,"v25",25,"p3",3,"s","s",1,"紅茶にスプーンで角砂糖を男性が入れた。",0.300653594771242,0.509803921568627,0.117647058823529,0.0718954248366013,0.810457516339869,0.627450980392156,"0.1895424836601303","A","A","A","A","A","UNA","A","A","A","A","A","A","A","X","X",2,"X","0","0","0","0","0","0","0","0","0","1","1",0.818181818181818
3,"v40",40,"p4",2,"o","o",1,"字のうまい青年が外国で生活の必要から書道を教えた。",0.380645161290323,0.32258064516129,0.193548387096774,0.103225806451613,0.703225806451613,0.516129032258064,"0.29677419354838697","A","A","A","UNA","UNA","UNA","A","A","A","A","X","X","A","A","A",2,"X","0","0","0","0","0","0","1","1","0","0","0",0.818181818181818
4,"v470",470,"p2",2,"s","s",1,"見事に全速力でチーターがガゼルを襲った。",0.324503311258278,0.437086092715232,0.185430463576159,0.0529801324503311,0.76158940397351,0.622516556291391,"0.23841059602649009","A","A","A","A","UNA","UNA","A","A","A","A","X","X","A","X","X",2,"X","0","0","0","0","0","0","1","1","0","1","1",0.636363636363636
5,"v807",807,"p2",1,"v","v",1,"脚本家が話し合いで前日に台詞を戻した。",0.379310344827586,0.337931034482759,0.158620689655172,0.124137931034483,0.717241379310345,0.496551724137931,"0.28275862068965502","A","A","A","UNA","UNA","UNA","A","A","A","A","X","X","A","A","A",2,"X","0","0","0","0","0","0","1","1","0","0","0",0.818181818181818
6,"v829",829,"p1",1,"s","s",1,"青年が救出時に震災で飼い犬と助かった。",0.0602409638554217,0.391566265060241,0.319277108433735,0.228915662650602,0.451807228915663,0.710843373493976,"0.54819277108433706","UNA","UNA","UNA","UNA","UNA","UNA","UNA","UNA","X","X","X","X","X","X","X",2,"X","0","0","0","0","1","1","1","1","1","1","1",0.363636363636364
7,"v807",807,"p2",1,"s","s",1,"前日に話し合いで脚本家が台詞を直した。",0.645161290322581,0.270967741935484,0.0580645161290323,0.0258064516129032,0.916129032258065,0.329032258064516,"8.3870967741935504E-2","A","A","A","A","A","A","A","A","A","A","A","A","A","A","A",1,"A","1","1","1","1","1","1","1","1","1","1","1",0
8,"v210",210,"p1",3,"n","n",1,"隊長が北海道で温泉に同僚と遊んだ。",0.0272108843537415,0.36734693877551,0.238095238095238,0.36734693877551,0.394557823129251,0.605442176870748,"0.60544217687074797","UNA","UNA","UNA","UNA","UNA","UNA","UNA","UNA","UNA","X","UNA","X","UNA","UNA","UNA",2,"X","0","0","0","0","0","1","0","1","0","0","0",0.818181818181818
9,"v25",25,"p3",3,"o","o",1,"男性がスプーンで角砂糖を紅茶に入れた。",0.92156862745098,0.0522875816993464,0.0261437908496732,0,0.973856209150326,0.0784313725490196,"2.61437908496732E-2","A","A","A","A","A","A","A","A","A","A","A","A","A","A","A",1,"A","1","1","1","1","1","1","1","1","1","1","1",0
0,"v470",470,"p5",2,"s","s",1,"仲間とコンビニを失業者が盗んだ自動車で襲った。",0.117647058823529,0.294117647058824,0.209150326797386,0.379084967320261,0.411764705882353,0.50326797385621,"0.58823529411764697","UNA","UNA","UNA","UNA","UNA","UNA","UNA","UNA","X","X","X","X","UNA","UNA","UNA",3,"UNA","1","1","1","1","0","0","0","0","1","1","1",0.363636363636364
1,"v210",210,"p3",1,"p","p",1,"シロクマが動物園で氷と足元に遊んだ。",0.00625,0.2625,0.33125,0.4,0.26875,0.59375,"0.73124999999999996","UNA","UNA","UNA","UNA","UNA","UNA","UNA","UNA","UNA","UNA","UNA","UNA","UNA","UNA","UNA",3,"UNA","1","1","1","1","1","1","1","1","1","1","1",0
2,"v338",338,"p3",3,"s","s",1,"初戦を優勝候補がトーナメントで突然に負けた。",0.065359477124183,0.496732026143791,0.248366013071895,0.189542483660131,0.562091503267974,0.745098039215686,"0.43790849673202598","A","A","UNA","UNA","UNA","UNA","UNA","A","X","X","X","X","X","X","X",2,"X","0","0","0","0","1","1","1","1","1","1","1",0.363636363636364
3,"v111",111,"p4",1,"v","v",1,"司令官が無線で本部から命令を読みとった。",0.329032258064516,0.425806451612903,0.154838709677419,0.0903225806451613,0.754838709677419,0.580645161290322,"0.2451612903225803","A","A","A","A","UNA","UNA","A","A","A","A","X","X","A","X","X",2,"X","0","0","0","0","0","0","1","1","0","1","1",0.636363636363636
4,"v450",450,"p4",1,"s","s",1,"一位から掲示で高得点者が十位を載った。",0.0132450331125828,0.125827814569536,0.298013245033113,0.562913907284768,0.139072847682119,0.423841059602649,"0.86092715231788097","UNA","UNA","UNA","UNA","UNA","UNA","UNA","UNA","UNA","UNA","UNA","UNA","UNA","UNA","UNA",3,"UNA","1","1","1","1","1","1","1","1","1","1","1",0
5,"v450",450,"p3",1,"n","n",1,"学者が論文賞で顔図版を広報誌に載った。",0.0137931034482759,0.2,0.379310344827586,0.406896551724138,0.213793103448276,0.579310344827586,"0.78620689655172404","UNA","UNA","UNA","UNA","UNA","UNA","UNA","UNA","UNA","UNA","UNA","UNA","UNA","UNA","UNA",3,"UNA","1","1","1","1","1","1","1","1","1","1","1",0
6,"v831",831,"p1",1,"n","n",1,"新婚さんが役所で窓口に転居届けと届けた。",0.036144578313253,0.41566265060241,0.265060240963855,0.283132530120482,0.451807228915663,0.680722891566265,"0.54819277108433706","UNA","UNA","UNA","UNA","UNA","UNA","UNA","UNA","X","X","X","X","X","X","X",2,"X","0","0","0","0","1","1","1","1","1","1","1",0.363636363636364
7,"v470",470,"p2",2,"p","p",1,"チーターから全速力で見事にガゼルを襲った。",0.0774193548387097,0.270967741935484,0.270967741935484,0.380645161290323,0.348387096774194,0.541935483870968,"0.65161290322580701","UNA","UNA","UNA","UNA","UNA","UNA","UNA","UNA","UNA","X","UNA","UNA","UNA","UNA","UNA",3,"UNA","1","1","1","1","1","0","1","1","1","1","1",0.0909090909090909
8,"v829",829,"p1",1,"s","s",1,"飼い犬と震災で救出時に青年が助かった。",0.00680272108843537,0.231292517006803,0.360544217687075,0.401360544217687,0.238095238095238,0.591836734693878,"0.76190476190476208","UNA","UNA","UNA","UNA","UNA","UNA","UNA","UNA","UNA","UNA","UNA","UNA","UNA","UNA","UNA",3,"UNA","1","1","1","1","1","1","1","1","1","1","1",0
9,"v470",470,"p2",2,"s","s",1,"チーターが全速力でガゼルを見事に襲った。",0.594771241830065,0.274509803921569,0.0980392156862745,0.0326797385620915,0.869281045751634,0.372549019607843,"0.13071895424836599","A","A","A","A","A","A","A","A","A","A","A","A","A","A","A",1,"A","1","1","1","1","1","1","1","1","1","1","1",0
0,"v145",145,"p3",1,"v","v",1,"ランナーが路上で悲鳴を夕暮れ時にかき消した。",0.0261437908496732,0.0980392156862745,0.30718954248366,0.568627450980392,0.124183006535948,0.405228758169934,"0.87581699346405206","UNA","UNA","UNA","UNA","UNA","UNA","UNA","UNA","UNA","UNA","UNA","UNA","UNA","UNA","UNA",3,"UNA","1","1","1","1","1","1","1","1","1","1","1",0
1,"v111",111,"p4",1,"p","p",1,"司令官で無線で本部から命令を伝えた。",0.1625,0.35,0.25625,0.23125,0.5125,0.60625,"0.48749999999999999","A","A","UNA","UNA","UNA","UNA","UNA","A","X","X","X","X","X","X","X",2,"X","0","0","0","0","1","1","1","1","1","1","1",0.363636363636364
2,"v450",450,"p3",1,"p","p",1,"学者が論文賞で顔写真から広報誌に載った。",0.0065359477124183,0.287581699346405,0.379084967320261,0.326797385620915,0.294117647058823,0.666666666666666,"0.70588235294117596","UNA","UNA","UNA","UNA","UNA","UNA","UNA","UNA","UNA","UNA","UNA","UNA","UNA","Y","X",3,"UNA","1","1","1","1","1","1","1","1","1","0","0",0.181818181818182
3,"v111",111,"p4",1,"p","p",1,"司令官が無線で本部が命令を伝えた。",0.0451612903225806,0.303225806451613,0.348387096774194,0.303225806451613,0.348387096774194,0.651612903225807,"0.65161290322580701","UNA","UNA","UNA","UNA","UNA","UNA","UNA","UNA","UNA","X","UNA","UNA","UNA","Y","X",3,"UNA","1","1","1","1","1","0","1","1","1","0","0",0.272727272727273
4,"v447",447,"p5",1,"n","n",1,"医師が手術で肺と神経をつないだ。",0.576158940397351,0.231788079470199,0.112582781456954,0.0794701986754967,0.80794701986755,0.344370860927153,"0.1920529801324507","A","A","A","A","A","UNA","A","A","A","A","A","A","A","A","A",1,"A","1","0","1","1","1","1","1","1","1","1","1",0.0909090909090909
5,"v713",713,"p5",3,"n","n",1,"子どもが宿題で足し算とかけ算を間違えた。",0.896551724137931,0.096551724137931,0.00689655172413793,0,0.993103448275862,0.103448275862069,"6.8965517241379301E-3","A","A","A","A","A","A","A","A","A","A","A","A","A","A","A",1,"A","1","1","1","1","1","1","1","1","1","1","1",0
6,"v18",18,"p4",1,"p","p",1,"部下に給湯室で上司から噂を聞いた。",0.0602409638554217,0.253012048192771,0.319277108433735,0.367469879518072,0.313253012048193,0.572289156626506,"0.686746987951807","UNA","UNA","UNA","UNA","UNA","UNA","UNA","UNA","UNA","X","UNA","UNA","UNA","UNA","UNA",3,"UNA","1","1","1","1","1","0","1","1","1","1","1",0.0909090909090909
7,"v450",450,"p4",1,"p","p",1,"高得点者が掲示を一位から十位を載った。",0.032258064516129,0.2,0.348387096774194,0.419354838709677,0.232258064516129,0.548387096774194,"0.76774193548387104","UNA","UNA","UNA","UNA","UNA","UNA","UNA","UNA","UNA","UNA","UNA","UNA","UNA","UNA","UNA",3,"UNA","1","1","1","1","1","1","1","1","1","1","1",0
8,"v447",447,"p5",1,"p","p",1,"医師が手術を血管と神経をつないだ。",0.0340136054421769,0.340136054421769,0.217687074829932,0.408163265306122,0.374149659863946,0.557823129251701,"0.62585034013605401","UNA","UNA","UNA","UNA","UNA","UNA","UNA","UNA","UNA","X","UNA","X","UNA","UNA","UNA",2,"X","0","0","0","0","0","1","0","1","0","0","0",0.818181818181818
9,"v377",377,"p4",3,"v","v",1,"波紋が投石で落下点から水面を表れた。",0.0065359477124183,0.143790849673203,0.333333333333333,0.516339869281046,0.150326797385621,0.477124183006536,"0.84967320261437895","UNA","UNA","UNA","UNA","UNA","UNA","UNA","UNA","UNA","UNA","UNA","UNA","UNA","UNA","UNA",3,"UNA","1","1","1","1","1","1","1","1","1","1","1",0
0,"v807",807,"p4",3,"n","n",1,"先生が赤ペンで一から詩を直した。",0.705882352941177,0.209150326797386,0.065359477124183,0.0196078431372549,0.915032679738563,0.274509803921569,"8.4967320261437898E-2","A","A","A","A","A","A","A","A","A","A","A","A","A","A","A",1,"A","1","1","1","1","1","1","1","1","1","1","1",0
1,"v183",183,"p2",1,"s","s",1,"肩車で幼児が枝に手を届いた。",0.075,0.475,0.275,0.175,0.55,0.75,"0.45","A","A","UNA","UNA","UNA","UNA","UNA","A","X","X","X","X","X","X","X",2,"X","0","0","0","0","1","1","1","1","1","1","1",0.363636363636364
2,"v155",155,"p2",3,"v","v",1,"大衆がデモで政府に抗議を重ねた。",0.65359477124183,0.235294117647059,0.0849673202614379,0.0261437908496732,0.888888888888889,0.320261437908497,"0.1111111111111111","A","A","A","A","A","A","A","A","A","A","A","A","A","A","A",1,"A","1","1","1","1","1","1","1","1","1","1","1",0
3,"v958",958,"p3",1,"s","s",1,"熊がトレーナーに自転車をサーカスで習った。",0.129032258064516,0.374193548387097,0.283870967741935,0.212903225806452,0.503225806451613,0.658064516129032,"0.49677419354838698","A","A","UNA","UNA","UNA","UNA","UNA","A","X","X","X","X","X","X","X",2,"X","0","0","0","0","1","1","1","1","1","1","1",0.363636363636364
4,"v447",447,"p5",1,"v","v",1,"医師が手術で血管と神経を組んだ。",0.172185430463576,0.278145695364238,0.317880794701987,0.231788079470199,0.450331125827814,0.596026490066225,"0.54966887417218602","UNA","UNA","UNA","UNA","UNA","UNA","UNA","UNA","X","X","X","X","X","Y","X",2,"X","0","0","0","0","1","1","1","1","1","0","1",0.454545454545455
5,"v345",345,"p4",3,"n","n",1,"中国人が河原で洪水から子猫を助けた。",0.710344827586207,0.227586206896552,0.0551724137931034,0.00689655172413793,0.937931034482759,0.282758620689655,"6.206896551724133E-2","A","A","A","A","A","A","A","A","A","A","A","A","A","A","A",1,"A","1","1","1","1","1","1","1","1","1","1","1",0
6,"v470",470,"p4",2,"n","n",1,"乱闘が鋭利な刃物で背後から人を襲った。",0,0.198795180722892,0.253012048192771,0.548192771084337,0.198795180722892,0.451807228915663,"0.80120481927710796","UNA","UNA","UNA","UNA","UNA","UNA","UNA","UNA","UNA","UNA","UNA","UNA","UNA","UNA","UNA",3,"UNA","1","1","1","1","1","1","1","1","1","1","1",0
7,"v145",145,"p5",1,"v","v",1,"市民が広場で銃声と叫び声を聴こえた。",0.0645161290322581,0.483870967741935,0.264516129032258,0.187096774193548,0.548387096774193,0.748387096774193,"0.45161290322580605","A","A","UNA","UNA","UNA","UNA","UNA","A","X","X","X","X","X","X","X",2,"X","0","0","0","0","1","1","1","1","1","1","1",0.363636363636364
8,"v18",18,"p4",1,"v","v",1,"部下が給湯室で上司から噂を尋ねた。",0.0952380952380952,0.244897959183673,0.435374149659864,0.224489795918367,0.340136054421768,0.680272108843537,"0.65986394557823103","UNA","UNA","UNA","UNA","UNA","UNA","UNA","UNA","UNA","X","UNA","UNA","X","Y","X",3,"UNA","1","1","1","1","1","0","1","1","0","0","0",0.363636363636364
9,"v25",25,"p3",3,"v","v",1,"男性がスプーンで角砂糖を紅茶に放り込んだ。",0.477124183006536,0.352941176470588,0.143790849673203,0.0261437908496732,0.830065359477124,0.496732026143791,"0.16993464052287618","A","A","A","A","A","UNA","A","A","A","A","A","A","A","A","A",2,"X","0","0","0","0","0","0","0","0","0","0","0",1
0,"v958",958,"p5",3,"v","v",1,"弟が家で妹と料理を習わせた。",0.0326797385620915,0.222222222222222,0.437908496732026,0.30718954248366,0.254901960784313,0.660130718954248,"0.74509803921568596","UNA","UNA","UNA","UNA","UNA","UNA","UNA","UNA","UNA","UNA","UNA","UNA","UNA","Y","X",3,"UNA","1","1","1","1","1","1","1","1","1","0","0",0.181818181818182
1,"v345",345,"p1",3,"n","n",1,"戦が続編でピンチに主人公と助けた。",0.0125,0.075,0.2375,0.675,0.0875,0.3125,"0.91250000000000009","UNA","UNA","UNA","UNA","UNA","UNA","UNA","UNA","UNA","UNA","UNA","UNA","UNA","UNA","UNA",3,"UNA","1","1","1","1","1","1","1","1","1","1","1",0
2,"v470",470,"p3",2,"p","p",1,"通り魔が休日の路上を通行者を不意に襲った。",0.0718954248366013,0.38562091503268,0.235294117647059,0.30718954248366,0.457516339869281,0.620915032679739,"0.54248366013071903","UNA","UNA","UNA","UNA","UNA","UNA","UNA","UNA","X","X","X","X","X","X","X",2,"X","0","0","0","0","1","1","1","1","1","1","1",0.363636363636364
3,"v807",807,"p3",1,"v","v",1,"職員が美術館で絵画をまっすぐに直せた。",0.12258064516129,0.52258064516129,0.2,0.154838709677419,0.64516129032258,0.72258064516129,"0.35483870967741904","A","A","A","UNA","UNA","UNA","UNA","A","A","X","X","X","X","X","X",2,"X","0","0","0","0","0","1","1","1","1","1","1",0.454545454545455
4,"v958",958,"p3",1,"o","o",1,"熊がサーカスで自転車をトレーナーに習った。",0.397350993377483,0.370860927152318,0.125827814569536,0.105960264900662,0.768211920529801,0.496688741721854,"0.23178807947019803","A","A","A","A","UNA","UNA","A","A","A","A","X","X","A","A","A",2,"X","0","0","0","0","0","0","1","1","0","0","0",0.818181818181818
5,"v155",155,"p2",3,"n","n",1,"大衆が反戦で政府に抗議を繰り返した。",0.441379310344828,0.406896551724138,0.103448275862069,0.0482758620689655,0.848275862068966,0.510344827586207,"0.15172413793103451","A","A","A","A","A","UNA","A","A","A","A","A","A","A","A","A",2,"X","0","0","0","0","0","0","0","0","0","0","0",1
6,"v111",111,"p4",1,"s","s",1,"無線で司令官が本部から命令を伝えた。",0.620481927710843,0.289156626506024,0.0662650602409639,0.0240963855421687,0.909638554216867,0.355421686746988,"9.0361445783132599E-2","A","A","A","A","A","A","A","A","A","A","A","A","A","A","A",1,"A","1","1","1","1","1","1","1","1","1","1","1",0
7,"v807",807,"p2",1,"p","p",1,"脚本家が話し合いへ前日に台詞を直した。",0.00645161290322581,0.258064516129032,0.367741935483871,0.367741935483871,0.264516129032258,0.625806451612903,"0.73548387096774204","UNA","UNA","UNA","UNA","UNA","UNA","UNA","UNA","UNA","UNA","UNA","UNA","UNA","UNA","UNA",3,"UNA","1","1","1","1","1","1","1","1","1","1","1",0
8,"v470",470,"p2",2,"p","p",1,"チーターを全速力で見事にガゼルを襲った。",0.0680272108843537,0.306122448979592,0.224489795918367,0.401360544217687,0.374149659863946,0.530612244897959,"0.62585034013605401","UNA","UNA","UNA","UNA","UNA","UNA","UNA","UNA","UNA","X","UNA","X","UNA","UNA","UNA",3,"UNA","1","1","1","1","1","0","1","0","1","1","1",0.181818181818182
9,"v111",111,"p4",1,"s","s",1,"命令を無線で本部から司令官が伝えた。",0.411764705882353,0.38562091503268,0.156862745098039,0.0457516339869281,0.797385620915033,0.542483660130719,"0.2026143790849671","A","A","A","A","UNA","UNA","A","A","A","A","X","X","A","A","A",2,"X","0","0","0","0","0","0","1","1","0","0","0",0.818181818181818
0,"v470",470,"p5",2,"v","v",1,"失業者が盗っだ自動車で仲間とコンビニを襲った。",0.163398692810458,0.333333333333333,0.202614379084967,0.300653594771242,0.496732026143791,0.5359477124183,"0.50326797385620892","UNA","UNA","UNA","UNA","UNA","UNA","UNA","UNA","X","X","X","X","X","X","X",2,"X","0","0","0","0","1","1","1","1","1","1","1",0.363636363636364
1,"v470",470,"p3",2,"s","s",1,"通り魔が休日の路上で不意に通行者を襲った。",0.84375,0.1375,0.0125,0.00625,0.98125,0.15,"1.8750000000000003E-2","A","A","A","A","A","A","A","A","A","A","A","A","A","A","A",1,"A","1","1","1","1","1","1","1","1","1","1","1",0
2,"v470",470,"p5",2,"p","p",1,"失業者が盗んだ自動車が仲間とコンビニを襲った。",0.0392156862745098,0.209150326797386,0.320261437908497,0.431372549019608,0.248366013071896,0.529411764705883,"0.75163398692810501","UNA","UNA","UNA","UNA","UNA","UNA","UNA","UNA","UNA","UNA","UNA","UNA","UNA","UNA","UNA",3,"UNA","1","1","1","1","1","1","1","1","1","1","1",0
3,"v958",958,"p1",1,"o","o",1,"医学生が解剖実習で医師に看護師と習った。",0.0903225806451613,0.412903225806452,0.316129032258064,0.180645161290323,0.503225806451613,0.729032258064516,"0.49677419354838698","A","A","UNA","UNA","UNA","UNA","UNA","A","X","X","X","X","X","X","X",2,"X","0","0","0","0","1","1","1","1","1","1","1",0.363636363636364
4,"v450",450,"p3",1,"v","v",1,"学者が論文賞で顔写真を広報誌に書いた。",0.0132450331125828,0.152317880794702,0.397350993377483,0.437086092715232,0.165562913907285,0.549668874172185,"0.83443708609271505","UNA","UNA","UNA","UNA","UNA","UNA","UNA","UNA","UNA","UNA","UNA","UNA","UNA","UNA","UNA",3,"UNA","1","1","1","1","1","1","1","1","1","1","1",0
5,"v829",829,"p1",1,"p","p",1,"青年が震災を救出時に飼い犬と助かった。",0.0275862068965517,0.206896551724138,0.337931034482759,0.427586206896552,0.23448275862069,0.544827586206897,"0.76551724137931099","UNA","UNA","UNA","UNA","UNA","UNA","UNA","UNA","UNA","UNA","UNA","UNA","UNA","UNA","UNA",3,"UNA","1","1","1","1","1","1","1","1","1","1","1",0
6,"v155",155,"p2",3,"p","p",1,"大衆がデモに政府に抗議を繰り返した。",0.0783132530120482,0.391566265060241,0.265060240963855,0.265060240963855,0.469879518072289,0.656626506024096,"0.53012048192771","UNA","UNA","UNA","UNA","UNA","UNA","UNA","UNA","X","X","X","X","X","X","X",2,"X","0","0","0","0","1","1","1","1","1","1","1",0.363636363636364
7,"v210",210,"p3",1,"o","o",1,"シロクマが動物園で氷を足元に遊んだ。",0.0967741935483871,0.374193548387097,0.32258064516129,0.206451612903226,0.470967741935484,0.696774193548387,"0.52903225806451593","UNA","UNA","UNA","UNA","UNA","UNA","UNA","UNA","X","X","X","X","X","X","X",2,"X","0","0","0","0","1","1","1","1","1","1","1",0.363636363636364
8,"v470",470,"p2",2,"o","o",1,"チーターが全速力で見事にガゼルを襲った。",0.571428571428571,0.353741496598639,0.0476190476190476,0.0272108843537415,0.92517006802721,0.401360544217687,"7.4829931972789102E-2","A","A","A","A","A","A","A","A","A","A","A","A","A","A","A",1,"A","1","1","1","1","1","1","1","1","1","1","1",0
9,"v183",183,"p2",1,"p","p",1,"幼児が肩車が枝に手を届いた。",0,0.248366013071895,0.274509803921569,0.477124183006536,0.248366013071895,0.522875816993464,"0.75163398692810501","UNA","UNA","UNA","UNA","UNA","UNA","UNA","UNA","UNA","UNA","UNA","UNA","UNA","UNA","UNA",3,"UNA","1","1","1","1","1","1","1","1","1","1","1",0
0,"v25",25,"p3",3,"n","n",1,"男性が茶碗で角砂糖を紅茶に入れた。",0.0915032679738562,0.300653594771242,0.34640522875817,0.261437908496732,0.392156862745098,0.647058823529412,"0.60784313725490202","UNA","UNA","UNA","UNA","UNA","UNA","UNA","UNA","UNA","X","UNA","X","X","Y","X",3,"UNA","1","1","1","1","1","0","1","0","0","0","0",0.454545454545455
1,"v18",18,"p4",1,"o","o",1,"部下が給湯室で上司から噂を聞いた。",0.63125,0.29375,0.05625,0.01875,0.925,0.35,"7.4999999999999997E-2","A","A","A","A","A","A","A","A","A","A","A","A","A","A","A",1,"A","1","1","1","1","1","1","1","1","1","1","1",0
2,"v470",470,"p5",2,"n","n",1,"雇用者が盗んだ自動車で仲間とコンビニを襲った。",0.477124183006536,0.294117647058824,0.150326797385621,0.0784313725490196,0.77124183006536,0.444444444444445,"0.2287581699346406","A","A","A","A","UNA","UNA","A","A","A","A","X","X","A","A","A",1,"A","0","0","1","1","1","1","0","0","1","1","1",0.363636363636364
3,"v450",450,"p3",1,"s","s",1,"顔写真を論文賞で学者が広報誌に載った。",0.00645161290322581,0.258064516129032,0.329032258064516,0.406451612903226,0.264516129032258,0.587096774193548,"0.73548387096774204","UNA","UNA","UNA","UNA","UNA","UNA","UNA","UNA","UNA","UNA","UNA","UNA","UNA","UNA","UNA",3,"UNA","1","1","1","1","1","1","1","1","1","1","1",0
4,"v807",807,"p3",1,"v","v",1,"職員が美術館で絵画をまっすぐに直った。",0.0397350993377483,0.311258278145695,0.225165562913907,0.423841059602649,0.350993377483443,0.536423841059602,"0.64900662251655605","UNA","UNA","UNA","UNA","UNA","UNA","UNA","UNA","UNA","X","UNA","X","UNA","UNA","UNA",3,"UNA","1","1","1","1","1","0","1","0","1","1","1",0.181818181818182
5,"v345",345,"p4",3,"v","v",1,"人が河原で洪水から子猫を力づけた。",0.0137931034482759,0.248275862068966,0.337931034482759,0.4,0.262068965517242,0.586206896551725,"0.73793103448275899","UNA","UNA","UNA","UNA","UNA","UNA","UNA","UNA","UNA","UNA","UNA","UNA","UNA","UNA","UNA",3,"UNA","1","1","1","1","1","1","1","1","1","1","1",0
6,"v807",807,"p2",1,"p","p",1,"脚本家まで話し合いで前日に台詞を直した。",0.0662650602409639,0.246987951807229,0.313253012048193,0.373493975903614,0.313253012048193,0.560240963855422,"0.686746987951807","UNA","UNA","UNA","UNA","UNA","UNA","UNA","UNA","UNA","X","UNA","UNA","UNA","UNA","UNA",3,"UNA","1","1","1","1","1","0","1","1","1","1","1",0.0909090909090909
7,"v958",958,"p5",3,"p","p",1,"弟が家で妹と料理まで習った。",0.0774193548387097,0.419354838709677,0.303225806451613,0.2,0.496774193548387,0.72258064516129,"0.50322580645161308","UNA","UNA","UNA","UNA","UNA","UNA","UNA","UNA","X","X","X","X","X","X","X",2,"X","0","0","0","0","1","1","1","1","1","1","1",0.363636363636364
8,"v111",111,"p4",1,"o","o",1,"司令官が無線で本部から命令を伝えた。",0.687074829931973,0.231292517006803,0.0612244897959184,0.0204081632653061,0.918367346938776,0.292517006802721,"8.1632653061224497E-2","A","A","A","A","A","A","A","A","A","A","A","A","A","A","A",1,"A","1","1","1","1","1","1","1","1","1","1","1",0
9,"v831",831,"p3",1,"o","o",1,"伝書鳩が戦地で戦況を司令官に届けた。",0.712418300653595,0.176470588235294,0.0784313725490196,0.0326797385620915,0.888888888888889,0.254901960784314,"0.1111111111111111","A","A","A","A","A","A","A","A","A","A","A","A","A","A","A",1,"A","1","1","1","1","1","1","1","1","1","1","1",0
0,"v145",145,"p3",1,"v","v",1,"ランナーが路上で悲鳴を夕暮れ時に聞き取れた。",0.065359477124183,0.26797385620915,0.300653594771242,0.366013071895425,0.333333333333333,0.568627450980392,"0.66666666666666696","UNA","UNA","UNA","UNA","UNA","UNA","UNA","UNA","UNA","X","UNA","UNA","UNA","UNA","UNA",3,"UNA","1","1","1","1","1","0","1","1","1","1","1",0.0909090909090909
1,"v807",807,"p3",1,"s","s",1,"絵画を美術館で職員がまっすぐに直した。",0.35,0.43125,0.13125,0.0875,0.78125,0.5625,"0.21875","A","A","A","A","UNA","UNA","A","A","A","A","X","X","A","X","X",2,"X","0","0","0","0","0","0","1","1","0","1","1",0.636363636363636
2,"v829",829,"p1",1,"v","v",1,"青年が震災で救出時に飼い犬と救った。",0.0457516339869281,0.241830065359477,0.372549019607843,0.339869281045752,0.287581699346405,0.61437908496732,"0.7124183006535949","UNA","UNA","UNA","UNA","UNA","UNA","UNA","UNA","UNA","UNA","UNA","UNA","UNA","Y","X",3,"UNA","1","1","1","1","1","1","1","1","1","0","0",0.181818181818182
3,"v958",958,"p4",1,"n","n",1,"親友が現場で先輩から基礎を習った。",0.72258064516129,0.219354838709677,0.0387096774193548,0.0193548387096774,0.941935483870967,0.258064516129032,"5.8064516129032198E-2","A","A","A","A","A","A","A","A","A","A","A","A","A","A","A",1,"A","1","1","1","1","1","1","1","1","1","1","1",0
4,"v25",25,"p4",3,"v","v",1,"担当者が携帯で出張先から電話を投げ入れた。",0.0132450331125828,0.278145695364238,0.304635761589404,0.403973509933775,0.291390728476821,0.582781456953642,"0.70860927152317899","UNA","UNA","UNA","UNA","UNA","UNA","UNA","UNA","UNA","UNA","UNA","UNA","UNA","UNA","UNA",3,"UNA","1","1","1","1","1","1","1","1","1","1","1",0
5,"v131",131,"p2",2,"n","n",1,"親戚連れが潮干狩りで海に貝を探した。",0.0275862068965517,0.393103448275862,0.36551724137931,0.213793103448276,0.420689655172414,0.758620689655172,"0.57931034482758603","UNA","UNA","UNA","UNA","UNA","UNA","UNA","UNA","X","X","X","X","X","X","X",2,"X","0","0","0","0","1","1","1","1","1","1","1",0.363636363636364
6,"v145",145,"p3",1,"n","n",1,"マラソンが路上で悲鳴を夕暮れ時に聞こえた。",0,0.0662650602409639,0.144578313253012,0.789156626506024,0.0662650602409639,0.210843373493976,"0.93373493975903599","UNA","UNA","UNA","UNA","UNA","UNA","UNA","UNA","UNA","UNA","UNA","UNA","UNA","UNA","UNA",3,"UNA","1","1","1","1","1","1","1","1","1","1","1",0
7,"v18",18,"p2",3,"p","p",1,"母がキッチンが早朝にラジオを聞いた。",0.0645161290322581,0.348387096774194,0.27741935483871,0.309677419354839,0.412903225806452,0.625806451612904,"0.587096774193549","UNA","UNA","UNA","UNA","UNA","UNA","UNA","UNA","X","X","X","X","X","X","X",2,"X","0","0","0","0","1","1","1","1","1","1","1",0.363636363636364
8,"v183",183,"p2",1,"o","o",1,"幼児が肩車で枝に手を届いた。",0.0204081632653061,0.36734693877551,0.27891156462585,0.333333333333333,0.387755102040816,0.64625850340136,"0.61224489795918302","UNA","UNA","UNA","UNA","UNA","UNA","UNA","UNA","UNA","X","UNA","X","X","X","X",2,"X","0","0","0","0","0","1","0","1","1","1","1",0.545454545454545
9,"v958",958,"p4",1,"o","o",1,"後輩が現場で先輩から基礎を習った。",0.830065359477124,0.104575163398693,0.0392156862745098,0.0261437908496732,0.934640522875817,0.143790849673203,"6.5359477124182996E-2","A","A","A","A","A","A","A","A","A","A","A","A","A","A","A",1,"A","1","1","1","1","1","1","1","1","1","1","1",0
0,"v470",470,"p5",2,"p","p",1,"失業者を盗んだ自動車で仲間とコンビニを襲った。",0.0326797385620915,0.163398692810458,0.222222222222222,0.581699346405229,0.196078431372549,0.38562091503268,"0.80392156862745101","UNA","UNA","UNA","UNA","UNA","UNA","UNA","UNA","UNA","UNA","UNA","UNA","UNA","UNA","UNA",3,"UNA","1","1","1","1","1","1","1","1","1","1","1",0
1,"v831",831,"p3",1,"s","s",1,"司令官に戦地で戦況を伝書鳩が届けた。",0.18125,0.46875,0.225,0.125,0.65,0.69375,"0.35","A","A","A","UNA","UNA","UNA","UNA","A","A","X","X","X","X","X","X",2,"X","0","0","0","0","0","1","1","1","1","1","1",0.454545454545455
2,"v447",447,"p5",1,"p","p",1,"医師が手術から血管と神経をつないだ。",0.0392156862745098,0.352941176470588,0.281045751633987,0.326797385620915,0.392156862745098,0.633986928104575,"0.60784313725490202","UNA","UNA","UNA","UNA","UNA","UNA","UNA","UNA","UNA","X","UNA","X","X","X","X",2,"X","0","0","0","0","0","1","0","1","1","1","1",0.545454545454545
3,"v183",183,"p2",1,"n","n",1,"幼児が船虫で枝に手を届いた。",0,0.0193548387096774,0.219354838709677,0.761290322580645,0.0193548387096774,0.238709677419354,"0.98064516129032198","UNA","UNA","UNA","UNA","UNA","UNA","UNA","UNA","UNA","UNA","UNA","UNA","UNA","UNA","UNA",3,"UNA","1","1","1","1","1","1","1","1","1","1","1",0
4,"v345",345,"p4",3,"s","s",1,"人が子猫を洪水から河原で助けた。",0.185430463576159,0.483443708609272,0.251655629139073,0.0794701986754967,0.668874172185431,0.735099337748345,"0.33112582781456973","A","A","A","UNA","UNA","UNA","UNA","A","A","X","X","X","X","X","X",2,"X","0","0","0","0","0","1","1","1","1","1","1",0.454545454545455
5,"v831",831,"p1",1,"v","v",1,"新婚さんが役所で窓口に転居届と送った。",0.0137931034482759,0.248275862068966,0.43448275862069,0.303448275862069,0.262068965517242,0.682758620689656,"0.73793103448275899","UNA","UNA","UNA","UNA","UNA","UNA","UNA","UNA","UNA","UNA","UNA","UNA","UNA","Y","X",3,"UNA","1","1","1","1","1","1","1","1","1","0","0",0.181818181818182
6,"v18",18,"p1",3,"s","s",1,"医者に病院で娘が重症と聞いた。",0.403614457831325,0.385542168674699,0.13855421686747,0.072289156626506,0.789156626506024,0.524096385542169,"0.21084337349397597","A","A","A","A","UNA","UNA","A","A","A","A","X","X","A","A","A",2,"X","0","0","0","0","0","0","1","1","0","0","0",0.818181818181818
7,"v470",470,"p2",2,"v","v",1,"チーターが全速力で見事にガゼルを襲いかかった。",0.154838709677419,0.470967741935484,0.245161290322581,0.129032258064516,0.625806451612903,0.716129032258065,"0.37419354838709695","A","A","A","UNA","UNA","UNA","UNA","A","A","X","X","X","X","X","X",2,"X","0","0","0","0","0","1","1","1","1","1","1",0.454545454545455
8,"v345",345,"p1",3,"p","p",1,"宿敵へ続編でピンチに主人公と助けた。",0.00680272108843537,0.0816326530612245,0.244897959183673,0.666666666666667,0.0884353741496599,0.326530612244897,"0.91156462585033993","UNA","UNA","UNA","UNA","UNA","UNA","UNA","UNA","UNA","UNA","UNA","UNA","UNA","UNA","UNA",3,"UNA","1","1","1","1","1","1","1","1","1","1","1",0
9,"v18",18,"p1",3,"p","p",1,"娘で病院で医者に重症と聞いた。",0.0326797385620915,0.261437908496732,0.326797385620915,0.379084967320261,0.294117647058823,0.588235294117647,"0.70588235294117596","UNA","UNA","UNA","UNA","UNA","UNA","UNA","UNA","UNA","UNA","UNA","UNA","UNA","UNA","UNA",3,"UNA","1","1","1","1","1","1","1","1","1","1","1",0
0,"v145",145,"p3",1,"o","o",1,"ランナーが路上で悲鳴を夕暮れ時に聞こえた。",0.0261437908496732,0.26797385620915,0.313725490196078,0.392156862745098,0.294117647058823,0.581699346405228,"0.70588235294117596","UNA","UNA","UNA","UNA","UNA","UNA","UNA","UNA","UNA","UNA","UNA","UNA","UNA","UNA","UNA",3,"UNA","1","1","1","1","1","1","1","1","1","1","1",0
1,"v713",713,"p5",3,"o","o",1,"子供が宿題で足し算とかけ算を間違えた。",0.875,0.125,0,0,1,0.125,"0","A","A","A","A","A","A","A","A","A","A","A","A","A","A","A",1,"A","1","1","1","1","1","1","1","1","1","1","1",0
2,"v210",210,"p3",1,"v","v",1,"シロクマが動物園で氷を足元に楽しんだ。",0.0522875816993464,0.42483660130719,0.30718954248366,0.215686274509804,0.477124183006536,0.73202614379085,"0.52287581699346397","UNA","UNA","UNA","UNA","UNA","UNA","UNA","UNA","X","X","X","X","X","X","X",2,"X","0","0","0","0","1","1","1","1","1","1","1",0.363636363636364
3,"v155",155,"p2",3,"v","v",1,"大衆がデモで政府に抗議を繰返した。",0.716129032258065,0.232258064516129,0.0451612903225806,0.00645161290322581,0.948387096774194,0.27741935483871,"5.161290322580641E-2","A","A","A","A","A","A","A","A","A","A","A","A","A","A","A",1,"A","1","1","1","1","1","1","1","1","1","1","1",0
4,"v210",210,"p1",3,"p","p",1,"部下が北海道で温泉を同僚と遊んだ。",0.0728476821192053,0.403973509933775,0.258278145695364,0.264900662251656,0.47682119205298,0.662251655629139,"0.52317880794701999","UNA","UNA","UNA","UNA","UNA","UNA","UNA","UNA","X","X","X","X","X","X","X",2,"X","0","0","0","0","1","1","1","1","1","1","1",0.363636363636364
5,"v145",145,"p5",1,"v","v",1,"市民が広場で銃声と叫び声をかき消した。",0.0689655172413793,0.255172413793103,0.406896551724138,0.268965517241379,0.324137931034482,0.662068965517241,"0.67586206896551704","UNA","UNA","UNA","UNA","UNA","UNA","UNA","UNA","UNA","X","UNA","UNA","UNA","Y","X",3,"UNA","1","1","1","1","1","0","1","1","1","0","0",0.272727272727273
6,"v470",470,"p3",2,"o","o",1,"通り魔が休日の路上で通行者を不意に襲った。",0.813253012048193,0.13855421686747,0.036144578313253,0.0120481927710843,0.951807228915663,0.174698795180723,"4.8192771084337296E-2","A","A","A","A","A","A","A","A","A","A","A","A","A","A","A",1,"A","1","1","1","1","1","1","1","1","1","1","1",0
7,"v155",155,"p2",3,"s","s",1,"大衆が抗議を政府にデモで繰り返した。",0.103225806451613,0.470967741935484,0.290322580645161,0.135483870967742,0.574193548387097,0.761290322580645,"0.42580645161290298","A","A","UNA","UNA","UNA","UNA","UNA","A","X","X","X","X","X","X","X",2,"X","0","0","0","0","1","1","1","1","1","1","1",0.363636363636364
8,"v18",18,"p2",3,"n","n",1,"母が居間で早朝にラジオを聞いた。",0.80952380952381,0.17687074829932,0.0136054421768707,0,0.98639455782313,0.190476190476191,"1.3605442176870699E-2","A","A","A","A","A","A","A","A","A","A","A","A","A","A","A",1,"A","1","1","1","1","1","1","1","1","1","1","1",0
9,"v25",25,"p4",3,"o","o",1,"担当者が携帯で出張先から電話を入れた。",0.869281045751634,0.111111111111111,0.0130718954248366,0.0065359477124183,0.980392156862745,0.124183006535948,"1.9607843137254902E-2","A","A","A","A","A","A","A","A","A","A","A","A","A","A","A",1,"A","1","1","1","1","1","1","1","1","1","1","1",0
0,"v807",807,"p2",1,"n","n",1,"脚本家が話し合いで翌日に台詞を直した。",0.581699346405229,0.313725490196078,0.0980392156862745,0.0065359477124183,0.895424836601307,0.411764705882352,"0.1045751633986928","A","A","A","A","A","A","A","A","A","A","A","A","A","A","A",1,"A","1","1","1","1","1","1","1","1","1","1","1",0
1,"v470",470,"p4",2,"v","v",1,"暴漢が鋭利な刃物で背後から人を悩ました。",0.00625,0.1625,0.3875,0.44375,0.16875,0.55,"0.83125000000000004","UNA","UNA","UNA","UNA","UNA","UNA","UNA","UNA","UNA","UNA","UNA","UNA","UNA","UNA","UNA",3,"UNA","1","1","1","1","1","1","1","1","1","1","1",0
2,"v713",713,"p5",3,"p","p",1,"子供が宿題で足し算とかけ算から間違えた。",0.0130718954248366,0.300653594771242,0.379084967320261,0.30718954248366,0.313725490196079,0.679738562091503,"0.68627450980392091","UNA","UNA","UNA","UNA","UNA","UNA","UNA","UNA","UNA","X","UNA","UNA","UNA","Y","X",3,"UNA","1","1","1","1","1","0","1","1","1","0","0",0.272727272727273
3,"v18",18,"p1",3,"p","p",1,"娘が病院を医者に重症と聞いた。",0.0129032258064516,0.225806451612903,0.367741935483871,0.393548387096774,0.238709677419355,0.593548387096774,"0.761290322580645","UNA","UNA","UNA","UNA","UNA","UNA","UNA","UNA","UNA","UNA","UNA","UNA","UNA","UNA","UNA",3,"UNA","1","1","1","1","1","1","1","1","1","1","1",0
4,"v210",210,"p1",3,"o","o",1,"部下が北海道で温泉に同僚と遊んだ。",0.033112582781457,0.410596026490066,0.298013245033113,0.258278145695364,0.443708609271523,0.708609271523179,"0.556291390728477","UNA","UNA","UNA","UNA","UNA","UNA","UNA","UNA","X","X","X","X","X","X","X",2,"X","0","0","0","0","1","1","1","1","1","1","1",0.363636363636364
5,"v1147",1147,"p3",4,"o","o",1,"関係者がインターネットで個人情報を相互に知り合った。",0.179310344827586,0.372413793103448,0.303448275862069,0.144827586206897,0.551724137931034,0.675862068965517,"0.44827586206896602","A","A","UNA","UNA","UNA","UNA","UNA","A","X","X","X","X","X","X","X",2,"X","0","0","0","0","1","1","1","1","1","1","1",0.363636363636364
6,"v345",345,"p4",3,"o","o",1,"人が河原で洪水から子猫を助けた。",0.530120481927711,0.36144578313253,0.0783132530120482,0.0301204819277108,0.891566265060241,0.439759036144578,"0.108433734939759","A","A","A","A","A","A","A","A","A","A","A","A","A","A","A",1,"A","1","1","1","1","1","1","1","1","1","1","1",0
7,"v958",958,"p5",3,"p","p",1,"弟が家で妹から料理を習った。",0.864516129032258,0.129032258064516,0.00645161290322581,0,0.993548387096774,0.135483870967742,"6.4516129032258099E-3","A","A","A","A","A","A","A","A","A","A","A","A","A","A","A",1,"A","1","1","1","1","1","1","1","1","1","1","1",0
8,"v18",18,"p2",3,"p","p",1,"母がキッチンから早朝にラジオを聞いた。",0.0612244897959184,0.435374149659864,0.292517006802721,0.210884353741497,0.496598639455782,0.727891156462585,"0.50340136054421802","UNA","UNA","UNA","UNA","UNA","UNA","UNA","UNA","X","X","X","X","X","X","X",2,"X","0","0","0","0","1","1","1","1","1","1","1",0.363636363636364
9,"v831",831,"p3",1,"p","p",1,"伝書鳩を戦地で戦況を司令官に届けた。",0.0718954248366013,0.26797385620915,0.326797385620915,0.333333333333333,0.339869281045751,0.594771241830065,"0.66013071895424802","UNA","UNA","UNA","UNA","UNA","UNA","UNA","UNA","UNA","X","UNA","UNA","UNA","UNA","UNA",3,"UNA","1","1","1","1","1","0","1","1","1","1","1",0.0909090909090909
0,"v345",345,"p1",3,"n","n",1,"宿敵が続編で苦境に主人公と助けた。",0.0130718954248366,0.183006535947712,0.294117647058824,0.509803921568627,0.196078431372549,0.477124183006536,"0.80392156862745101","UNA","UNA","UNA","UNA","UNA","UNA","UNA","UNA","UNA","UNA","UNA","UNA","UNA","UNA","UNA",3,"UNA","1","1","1","1","1","1","1","1","1","1","1",0
1,"v958",958,"p4",1,"v","v",1,"後輩が現場で先輩から基礎を学んだ。",0.85,0.125,0.025,0,0.975,0.15,"2.5000000000000001E-2","A","A","A","A","A","A","A","A","A","A","A","A","A","A","A",1,"A","1","1","1","1","1","1","1","1","1","1","1",0
2,"v713",713,"p5",3,"v","v",1,"子供が宿題で足し算とかけ算を忘れた。",0.26797385620915,0.281045751633987,0.320261437908497,0.130718954248366,0.549019607843137,0.601307189542484,"0.45098039215686297","A","A","UNA","UNA","UNA","UNA","UNA","A","X","X","X","X","X","Y","X",2,"X","0","0","0","0","1","1","1","1","1","0","1",0.454545454545455
3,"v958",958,"p1",1,"n","n",1,"医師に解剖実習で医学生が看護師と習った。",0.103225806451613,0.32258064516129,0.329032258064516,0.245161290322581,0.425806451612903,0.651612903225806,"0.57419354838709702","UNA","UNA","UNA","UNA","UNA","UNA","UNA","UNA","X","X","X","X","X","Y","X",2,"X","0","0","0","0","1","1","1","1","1","0","1",0.454545454545455
4,"v25",25,"p4",3,"s","s",1,"担当者が電話を出張先から携帯で入れた。",0.377483443708609,0.43046357615894,0.119205298013245,0.0728476821192053,0.807947019867549,0.549668874172185,"0.19205298013245031","A","A","A","A","A","UNA","A","A","A","A","A","A","A","X","X",2,"X","0","0","0","0","0","0","0","0","0","1","1",0.818181818181818
5,"v831",831,"p1",1,"v","v",1,"新婚さんが役所で窓口に転居届と受け取った。",0.00689655172413793,0.179310344827586,0.482758620689655,0.331034482758621,0.186206896551724,0.662068965517241,"0.81379310344827605","UNA","UNA","UNA","UNA","UNA","UNA","UNA","UNA","UNA","UNA","UNA","UNA","UNA","Y","X",3,"UNA","1","1","1","1","1","1","1","1","1","0","0",0.181818181818182
6,"v447",447,"p5",1,"s","s",1,"医師が血管と神経を手術でつないだ。",0.590361445783133,0.271084337349398,0.072289156626506,0.0662650602409639,0.861445783132531,0.343373493975904,"0.13855421686746988","A","A","A","A","A","A","A","A","A","A","A","A","A","A","A",1,"A","1","1","1","1","1","1","1","1","1","1","1",0
7,"v155",155,"p2",3,"n","n",1,"大衆がデモで政府に弾劾を繰り返した。",0.593548387096774,0.258064516129032,0.0903225806451613,0.0580645161290323,0.851612903225806,0.348387096774193,"0.14838709677419359","A","A","A","A","A","A","A","A","A","A","A","A","A","A","A",1,"A","1","1","1","1","1","1","1","1","1","1","1",0
8,"v40",40,"p2",2,"n","n",1,"講座が受験対策で女学生に良い固有値を教えた。",0.0272108843537415,0.149659863945578,0.238095238095238,0.585034013605442,0.17687074829932,0.387755102040816,"0.82312925170068008","UNA","UNA","UNA","UNA","UNA","UNA","UNA","UNA","UNA","UNA","UNA","UNA","UNA","UNA","UNA",3,"UNA","1","1","1","1","1","1","1","1","1","1","1",0
9,"v958",958,"p3",1,"n","n",1,"熊が四重奏で自転車をトレーナーに習った。",0.0130718954248366,0.0522875816993464,0.215686274509804,0.718954248366013,0.065359477124183,0.26797385620915,"0.934640522875817","UNA","UNA","UNA","UNA","UNA","UNA","UNA","UNA","UNA","UNA","UNA","UNA","UNA","UNA","UNA",3,"UNA","1","1","1","1","1","1","1","1","1","1","1",0
0,"v111",111,"p2",1,"s","s",1,"社長が社員に口頭で解雇を伝えた。",0.947712418300654,0.0522875816993464,0,0,1,0.0522875816993464,"0","A","A","A","A","A","A","A","A","A","A","A","A","A","A","A",1,"A","1","1","1","1","1","1","1","1","1","1","1",0
1,"v807",807,"p3",1,"n","n",1,"職員がギメで絵画をまっすぐに直した。",0.05625,0.13125,0.2375,0.575,0.1875,0.36875,"0.8125","UNA","UNA","UNA","UNA","UNA","UNA","UNA","UNA","UNA","UNA","UNA","UNA","UNA","UNA","UNA",3,"UNA","1","1","1","1","1","1","1","1","1","1","1",0
2,"v958",958,"p4",1,"s","s",1,"先輩から現場で後輩が基礎を習った。",0.326797385620915,0.42483660130719,0.169934640522876,0.0784313725490196,0.751633986928105,0.594771241830066,"0.2483660130718956","A","A","A","A","UNA","UNA","A","A","A","A","X","X","A","X","X",2,"X","0","0","0","0","0","0","1","1","0","1","1",0.636363636363636
3,"v807",807,"p4",3,"n","n",1,"君が赤ペンで一から文章を直した。",0.561290322580645,0.303225806451613,0.109677419354839,0.0258064516129032,0.864516129032258,0.412903225806452,"0.1354838709677422","A","A","A","A","A","A","A","A","A","A","A","A","A","A","A",1,"A","1","1","1","1","1","1","1","1","1","1","1",0
4,"v831",831,"p1",1,"s","s",1,"新婚さんが役所で転居届と窓口に届けた。",0.0463576158940397,0.43046357615894,0.311258278145695,0.211920529801325,0.47682119205298,0.741721854304635,"0.52317880794701999","UNA","UNA","UNA","UNA","UNA","UNA","UNA","UNA","X","X","X","X","X","X","X",2,"X","0","0","0","0","1","1","1","1","1","1","1",0.363636363636364
5,"v345",345,"p4",3,"s","s",1,"人が洪水から河原で子猫を助けた。",0.206896551724138,0.503448275862069,0.16551724137931,0.124137931034483,0.710344827586207,0.668965517241379,"0.28965517241379302","A","A","A","UNA","UNA","UNA","A","A","A","A","X","X","A","X","X",2,"X","0","0","0","0","0","0","1","1","0","1","1",0.636363636363636
6,"v958",958,"p1",1,"v","v",1,"医学生が解剖実習で医師に看護師と習わせた。",0.00602409638554217,0.132530120481928,0.373493975903614,0.487951807228916,0.13855421686747,0.506024096385542,"0.86144578313252995","UNA","UNA","UNA","UNA","UNA","UNA","UNA","UNA","UNA","UNA","UNA","UNA","UNA","UNA","UNA",3,"UNA","1","1","1","1","1","1","1","1","1","1","1",0
7,"v145",145,"p3",1,"n","n",1,"ランナーが軒下で悲鳴を夕暮れ時に聞こえた。",0.0193548387096774,0.316129032258064,0.309677419354839,0.354838709677419,0.335483870967741,0.625806451612903,"0.66451612903225799","UNA","UNA","UNA","UNA","UNA","UNA","UNA","UNA","UNA","X","UNA","UNA","UNA","UNA","UNA",3,"UNA","1","1","1","1","1","0","1","1","1","1","1",0.0909090909090909
8,"v145",145,"p3",1,"s","s",1,"路上でランナーが悲鳴を夕暮れ時に聞こえた。",0.0136054421768707,0.258503401360544,0.312925170068027,0.414965986394558,0.272108843537415,0.571428571428571,"0.72789115646258495","UNA","UNA","UNA","UNA","UNA","UNA","UNA","UNA","UNA","UNA","UNA","UNA","UNA","UNA","UNA",3,"UNA","1","1","1","1","1","1","1","1","1","1","1",0
9,"v958",958,"p5",3,"v","v",1,"弟が家で妹と料理を教わった。",0.57516339869281,0.26797385620915,0.117647058823529,0.0392156862745098,0.84313725490196,0.385620915032679,"0.1568627450980388","A","A","A","A","A","UNA","A","A","A","A","A","A","A","A","A",1,"A","1","0","1","1","1","1","1","1","1","1","1",0.0909090909090909
0,"v111",111,"p2",1,"v","v",1,"社長が口頭で社員に解雇を読み取った。",0,0.117647058823529,0.352941176470588,0.529411764705882,0.117647058823529,0.470588235294117,"0.88235294117647001","UNA","UNA","UNA","UNA","UNA","UNA","UNA","UNA","UNA","UNA","UNA","UNA","UNA","UNA","UNA",3,"UNA","1","1","1","1","1","1","1","1","1","1","1",0
1,"v470",470,"p5",2,"o","o",1,"失業者が盗んだ自動車で仲間とコンビニを襲った。",0.74375,0.16875,0.0625,0.025,0.9125,0.23125,"8.7499999999999994E-2","A","A","A","A","A","A","A","A","A","A","A","A","A","A","A",1,"A","1","1","1","1","1","1","1","1","1","1","1",0
2,"v831",831,"p1",1,"p","p",1,"新婚さんが役所で窓口に転居届で届けた。",0.104575163398693,0.444444444444444,0.26797385620915,0.183006535947712,0.549019607843137,0.712418300653594,"0.45098039215686198","A","A","UNA","UNA","UNA","UNA","UNA","A","X","X","X","X","X","X","X",2,"X","0","0","0","0","1","1","1","1","1","1","1",0.363636363636364
3,"v831",831,"p3",1,"v","v",1,"伝書鳩が戦地で戦況を司令官に持ち帰った。",0.296774193548387,0.393548387096774,0.167741935483871,0.141935483870968,0.690322580645161,0.561290322580645,"0.309677419354839","A","A","A","UNA","UNA","UNA","A","A","A","X","X","X","A","X","X",2,"X","0","0","0","0","0","1","1","1","0","1","1",0.545454545454545
4,"v450",450,"p4",1,"s","s",1,"十位を掲示で一位から高得点者が載った。",0.0198675496688742,0.172185430463576,0.324503311258278,0.483443708609272,0.19205298013245,0.496688741721854,"0.80794701986755002","UNA","UNA","UNA","UNA","UNA","UNA","UNA","UNA","UNA","UNA","UNA","UNA","UNA","UNA","UNA",3,"UNA","1","1","1","1","1","1","1","1","1","1","1",0
5,"v713",713,"p5",3,"v","v",1,"子供が宿題で足し算とかけ算を分かった。",0.0758620689655172,0.462068965517241,0.331034482758621,0.131034482758621,0.537931034482758,0.793103448275862,"0.46206896551724203","A","A","UNA","UNA","UNA","UNA","UNA","A","X","X","X","X","X","X","X",2,"X","0","0","0","0","1","1","1","1","1","1","1",0.363636363636364
6,"v450",450,"p4",1,"v","v",1,"高得点者が掲示で一位から十位を書けた。",0.0240963855421687,0.126506024096386,0.319277108433735,0.530120481927711,0.150602409638555,0.445783132530121,"0.84939759036144602","UNA","UNA","UNA","UNA","UNA","UNA","UNA","UNA","UNA","UNA","UNA","UNA","UNA","UNA","UNA",3,"UNA","1","1","1","1","1","1","1","1","1","1","1",0
7,"v345",345,"p4",3,"n","n",1,"人が河原で土砂から子猫を助けた。",0.67741935483871,0.251612903225806,0.0451612903225806,0.0258064516129032,0.929032258064516,0.296774193548387,"7.0967741935483802E-2","A","A","A","A","A","A","A","A","A","A","A","A","A","A","A",1,"A","1","1","1","1","1","1","1","1","1","1","1",0
8,"v111",111,"p2",1,"p","p",1,"社長が口頭で社員に解雇で伝えた。",0.163265306122449,0.333333333333333,0.258503401360544,0.244897959183673,0.496598639455782,0.591836734693877,"0.50340136054421702","UNA","UNA","UNA","UNA","UNA","UNA","UNA","UNA","X","X","X","X","X","X","X",2,"X","0","0","0","0","1","1","1","1","1","1","1",0.363636363636364
9,"v470",470,"p2",2,"v","v",1,"チーターが全速力で見事にガゼルを見舞った。",0.0392156862745098,0.222222222222222,0.352941176470588,0.38562091503268,0.261437908496732,0.57516339869281,"0.73856209150326801","UNA","UNA","UNA","UNA","UNA","UNA","UNA","UNA","UNA","UNA","UNA","UNA","UNA","UNA","UNA",3,"UNA","1","1","1","1","1","1","1","1","1","1","1",0
0,"v210",210,"p1",3,"s","s",1,"部下が温泉に北海道で同僚と遊んだ。",0.0522875816993464,0.254901960784314,0.326797385620915,0.366013071895425,0.30718954248366,0.581699346405229,"0.69281045751633996","UNA","UNA","UNA","UNA","UNA","UNA","UNA","UNA","UNA","X","UNA","UNA","UNA","UNA","UNA",3,"UNA","1","1","1","1","1","0","1","1","1","1","1",0.0909090909090909
1,"v470",470,"p2",2,"n","n",1,"チーターが全速力で見事に井倉を襲った。",0.16875,0.28125,0.1875,0.3625,0.45,0.46875,"0.55000000000000004","UNA","UNA","UNA","UNA","UNA","UNA","UNA","UNA","X","X","X","X","UNA","UNA","UNA",2,"X","0","0","0","0","1","1","1","1","0","0","0",0.636363636363636
2,"v470",470,"p5",2,"v","v",1,"失業者が盗んだ自動車で仲間とコンビニを悩ました。",0.0261437908496732,0.176470588235294,0.281045751633987,0.516339869281046,0.202614379084967,0.457516339869281,"0.79738562091503296","UNA","UNA","UNA","UNA","UNA","UNA","UNA","UNA","UNA","UNA","UNA","UNA","UNA","UNA","UNA",3,"UNA","1","1","1","1","1","1","1","1","1","1","1",0
3,"v25",25,"p3",3,"v","v",1,"男性がスプーンで角砂糖を紅茶に取り出した。",0.0516129032258065,0.206451612903226,0.419354838709677,0.32258064516129,0.258064516129032,0.625806451612903,"0.74193548387096697","UNA","UNA","UNA","UNA","UNA","UNA","UNA","UNA","UNA","UNA","UNA","UNA","UNA","Y","X",3,"UNA","1","1","1","1","1","1","1","1","1","0","0",0.181818181818182
4,"v18",18,"p1",3,"n","n",1,"娘が病院で医者に心筋梗塞と聞いた。",0.397350993377483,0.437086092715232,0.132450331125828,0.033112582781457,0.834437086092715,0.56953642384106,"0.165562913907285","A","A","A","A","A","UNA","A","A","A","A","A","A","A","X","X",2,"X","0","0","0","0","0","0","0","0","0","1","1",0.818181818181818
5,"v807",807,"p3",1,"o","o",1,"職員が美術館で絵画をまっすぐに直した。",0.772413793103448,0.151724137931034,0.0551724137931034,0.0206896551724138,0.924137931034482,0.206896551724137,"7.5862068965517199E-2","A","A","A","A","A","A","A","A","A","A","A","A","A","A","A",1,"A","1","1","1","1","1","1","1","1","1","1","1",0
6,"v807",807,"p4",3,"o","o",1,"先生が赤ペンで一から文章を直した。",0.873493975903614,0.0963855421686747,0.0120481927710843,0.0180722891566265,0.969879518072289,0.108433734939759,"3.0120481927710798E-2","A","A","A","A","A","A","A","A","A","A","A","A","A","A","A",1,"A","1","1","1","1","1","1","1","1","1","1","1",0
7,"v210",210,"p3",1,"n","n",1,"シロクマがほ乳類園で氷を足元に遊んだ。",0.032258064516129,0.187096774193548,0.335483870967742,0.445161290322581,0.219354838709677,0.52258064516129,"0.78064516129032302","UNA","UNA","UNA","UNA","UNA","UNA","UNA","UNA","UNA","UNA","UNA","UNA","UNA","UNA","UNA",3,"UNA","1","1","1","1","1","1","1","1","1","1","1",0
8,"v145",145,"p5",1,"s","s",1,"広場で市民が銃声と叫び声を聞こえた。",0.102040816326531,0.421768707482993,0.272108843537415,0.204081632653061,0.523809523809524,0.693877551020408,"0.476190476190476","A","A","UNA","UNA","UNA","UNA","UNA","A","X","X","X","X","X","X","X",2,"X","0","0","0","0","1","1","1","1","1","1","1",0.363636363636364
9,"v450",450,"p3",1,"p","p",1,"学者が論文賞に顔写真を広報誌に載った。",0.0065359477124183,0.235294117647059,0.437908496732026,0.320261437908497,0.241830065359477,0.673202614379085,"0.75816993464052296","UNA","UNA","UNA","UNA","UNA","UNA","UNA","UNA","UNA","UNA","UNA","UNA","UNA","Y","X",3,"UNA","1","1","1","1","1","1","1","1","1","0","0",0.181818181818182
0,"v958",958,"p1",1,"s","s",1,"医学生が解剖実習で看護師と医師に習った。",0.333333333333333,0.405228758169935,0.156862745098039,0.104575163398693,0.738562091503268,0.562091503267974,"0.26143790849673199","A","A","A","A","UNA","UNA","A","A","A","A","X","X","A","X","X",2,"X","0","0","0","0","0","0","1","1","0","1","1",0.636363636363636
1,"v145",145,"p5",1,"p","p",1,"市民が広場で銃声と叫び声で聞こえた。",0.03125,0.3625,0.3375,0.26875,0.39375,0.7,"0.60624999999999996","UNA","UNA","UNA","UNA","UNA","UNA","UNA","UNA","UNA","X","UNA","X","X","X","X",2,"X","0","0","0","0","0","1","0","1","1","1","1",0.545454545454545
2,"v470",470,"p3",2,"s","s",1,"休日の路上で通り魔が通行者を不意に襲った。",0.862745098039216,0.0915032679738562,0.0261437908496732,0.0196078431372549,0.954248366013072,0.117647058823529,"4.5751633986928102E-2","A","A","A","A","A","A","A","A","A","A","A","A","A","A","A",1,"A","1","1","1","1","1","1","1","1","1","1","1",0
3,"v450",450,"p4",1,"n","n",1,"高得点者が掲示で一位から十ワーストを載った。",0,0.0903225806451613,0.258064516129032,0.651612903225806,0.0903225806451613,0.348387096774193,"0.90967741935483803","UNA","UNA","UNA","UNA","UNA","UNA","UNA","UNA","UNA","UNA","UNA","UNA","UNA","UNA","UNA",3,"UNA","1","1","1","1","1","1","1","1","1","1","1",0
4,"v18",18,"p1",3,"s","s",1,"娘が病院で重症と医者に聞いた。",0.403973509933775,0.384105960264901,0.178807947019868,0.033112582781457,0.788079470198676,0.562913907284769,"0.21192052980132497","A","A","A","A","UNA","UNA","A","A","A","A","X","X","A","A","A",2,"X","0","0","0","0","0","0","1","1","0","0","0",0.818181818181818
5,"v807",807,"p4",3,"p","p",1,"先生が赤ペンで一から文章で直した。",0.289655172413793,0.379310344827586,0.248275862068966,0.0827586206896552,0.668965517241379,0.627586206896552,"0.33103448275862124","A","A","A","UNA","UNA","UNA","A","A","A","X","X","X","A","X","X",2,"X","0","0","0","0","0","1","1","1","0","1","1",0.545454545454545
6,"v345",345,"p1",3,"p","p",1,"宿敵が続編からピンチに主人公と助けた。",0.0120481927710843,0.13855421686747,0.301204819277108,0.548192771084337,0.150602409638554,0.439759036144578,"0.84939759036144502","UNA","UNA","UNA","UNA","UNA","UNA","UNA","UNA","UNA","UNA","UNA","UNA","UNA","UNA","UNA",3,"UNA","1","1","1","1","1","1","1","1","1","1","1",0
7,"v450",450,"p3",1,"s","s",1,"学者が顔写真を論文賞で広報誌に載った。",0.0258064516129032,0.316129032258064,0.329032258064516,0.329032258064516,0.341935483870967,0.64516129032258,"0.65806451612903205","UNA","UNA","UNA","UNA","UNA","UNA","UNA","UNA","UNA","X","UNA","UNA","UNA","UNA","UNA",3,"UNA","1","1","1","1","1","0","1","1","1","1","1",0.0909090909090909
8,"v831",831,"p1",1,"o","o",1,"新婚さんが役所で窓口に転居届と届けた。",0.0476190476190476,0.408163265306122,0.272108843537415,0.272108843537415,0.45578231292517,0.680272108843537,"0.54421768707482998","UNA","UNA","UNA","UNA","UNA","UNA","UNA","UNA","X","X","X","X","X","X","X",2,"X","0","0","0","0","1","1","1","1","1","1","1",0.363636363636364
9,"v145",145,"p3",1,"p","p",1,"ランナーが路上で悲鳴を夕暮れ時を聞こえた。",0,0.209150326797386,0.320261437908497,0.470588235294118,0.209150326797386,0.529411764705883,"0.7908496732026149","UNA","UNA","UNA","UNA","UNA","UNA","UNA","UNA","UNA","UNA","UNA","UNA","UNA","UNA","UNA",3,"UNA","1","1","1","1","1","1","1","1","1","1","1",0
0,"v116",116,"p3",2,"s","s",1,"見解をその芸能人が質問者に会見で答えた",0.196078431372549,0.470588235294118,0.209150326797386,0.124183006535948,0.666666666666667,0.679738562091504,"0.33333333333333398","A","A","A","UNA","UNA","UNA","UNA","A","A","X","X","X","X","X","X",2,"X","0","0","0","0","0","1","1","1","1","1","1",0.454545454545455
1,"v111",111,"p2",1,"s","s",1,"解雇を口頭で社員に社長が伝えた。",0.34375,0.51875,0.10625,0.03125,0.8625,0.625,"0.13750000000000001","A","A","A","A","A","A","A","A","A","A","A","A","A","X","X",2,"X","0","0","0","0","0","0","0","0","0","1","1",0.818181818181818
2,"v183",183,"p2",1,"v","v",1,"幼児が肩車で枝に手を送った。",0.0065359477124183,0.137254901960784,0.287581699346405,0.568627450980392,0.143790849673202,0.424836601307189,"0.85620915032679701","UNA","UNA","UNA","UNA","UNA","UNA","UNA","UNA","UNA","UNA","UNA","UNA","UNA","UNA","UNA",3,"UNA","1","1","1","1","1","1","1","1","1","1","1",0
3,"v958",958,"p1",1,"v","v",1,"医学生が解剖実習で医師に看護師と教わった。",0.154838709677419,0.464516129032258,0.270967741935484,0.109677419354839,0.619354838709677,0.735483870967742,"0.380645161290323","A","A","A","UNA","UNA","UNA","UNA","A","A","X","X","X","X","X","X",2,"X","0","0","0","0","0","1","1","1","1","1","1",0.454545454545455
4,"v145",145,"p3",1,"p","p",1,"ランナーが路上で悲鳴から夕暮れ時に聞こえた。",0,0.198675496688742,0.23841059602649,0.562913907284768,0.198675496688742,0.437086092715232,"0.80132450331125793","UNA","UNA","UNA","UNA","UNA","UNA","UNA","UNA","UNA","UNA","UNA","UNA","UNA","UNA","UNA",3,"UNA","1","1","1","1","1","1","1","1","1","1","1",0
5,"v831",831,"p3",1,"n","n",1,"伝書鳩が戦地で戦況を司令分掌に届けた。",0.406896551724138,0.317241379310345,0.151724137931034,0.124137931034483,0.724137931034483,0.468965517241379,"0.27586206896551702","A","A","A","A","UNA","UNA","A","A","A","A","X","X","A","A","A",2,"X","0","0","0","0","0","0","1","1","0","0","0",0.818181818181818
6,"v807",807,"p4",3,"v","v",1,"先生が赤ペンで一から文章を戻した。",0.186746987951807,0.367469879518072,0.253012048192771,0.192771084337349,0.554216867469879,0.620481927710843,"0.44578313253012003","A","A","UNA","UNA","UNA","UNA","UNA","A","X","X","X","X","X","X","X",2,"X","0","0","0","0","1","1","1","1","1","1","1",0.363636363636364
7,"v447",447,"p5",1,"o","o",1,"医師が手術で血管と神経をつないだ。",0.793548387096774,0.135483870967742,0.0193548387096774,0.0516129032258065,0.929032258064516,0.154838709677419,"7.09677419354839E-2","A","A","A","A","A","A","A","A","A","A","A","A","A","A","A",1,"A","1","1","1","1","1","1","1","1","1","1","1",0
8,"v470",470,"p3",2,"v","v",1,"通り魔が休日の路上で通行者を不意に苛(さいな)んだ。",0.224489795918367,0.27891156462585,0.285714285714286,0.210884353741497,0.503401360544217,0.564625850340136,"0.49659863945578298","A","A","UNA","UNA","UNA","UNA","UNA","A","X","X","X","X","X","Y","X",2,"X","0","0","0","0","1","1","1","1","1","0","1",0.454545454545455
9,"v831",831,"p1",1,"n","n",1,"新婚さんが役所で窓口に転居書類と届けた。",0.0915032679738562,0.437908496732026,0.274509803921569,0.196078431372549,0.529411764705882,0.712418300653595,"0.47058823529411797","A","A","UNA","UNA","UNA","UNA","UNA","A","X","X","X","X","X","X","X",2,"X","0","0","0","0","1","1","1","1","1","1","1",0.363636363636364
0,"v958",958,"p5",3,"s","s",1,"家で弟が妹と料理を習った。",0.738562091503268,0.209150326797386,0.0326797385620915,0.0196078431372549,0.947712418300654,0.241830065359477,"5.22875816993464E-2","A","A","A","A","A","A","A","A","A","A","A","A","A","A","A",1,"A","1","1","1","1","1","1","1","1","1","1","1",0
1,"v958",958,"p4",1,"p","p",1,"後輩が現場で先輩から基礎で習った。",0.175,0.4125,0.25625,0.15625,0.5875,0.66875,"0.41249999999999998","A","A","UNA","UNA","UNA","UNA","UNA","A","X","X","X","X","X","X","X",2,"X","0","0","0","0","1","1","1","1","1","1","1",0.363636363636364
2,"v326",326,"p4",3,"s","s",1,"捕虜が忠誠心から秘密を尋問で黙った。",0.0718954248366013,0.392156862745098,0.287581699346405,0.248366013071895,0.464052287581699,0.679738562091503,"0.53594771241829997","UNA","UNA","UNA","UNA","UNA","UNA","UNA","UNA","X","X","X","X","X","X","X",2,"X","0","0","0","0","1","1","1","1","1","1","1",0.363636363636364
3,"v958",958,"p4",1,"n","n",1,"後輩が現場で同僚から基礎を習った。",0.696774193548387,0.251612903225806,0.0451612903225806,0.00645161290322581,0.948387096774193,0.296774193548387,"5.161290322580641E-2","A","A","A","A","A","A","A","A","A","A","A","A","A","A","A",1,"A","1","1","1","1","1","1","1","1","1","1","1",0
4,"v18",18,"p2",3,"v","v",1,"母がキッチンで早朝にラジオを聞けた。",0.0794701986754967,0.496688741721854,0.251655629139073,0.172185430463576,0.576158940397351,0.748344370860927,"0.42384105960264906","A","A","UNA","UNA","UNA","UNA","UNA","A","X","X","X","X","X","X","X",2,"X","0","0","0","0","1","1","1","1","1","1","1",0.363636363636364
5,"v1197",1197,"p1",3,"o","o",1,"私が遊園地でインフルエンザに家族と感染した。",0.144827586206897,0.510344827586207,0.158620689655172,0.186206896551724,0.655172413793104,0.668965517241379,"0.34482758620689602","A","A","A","UNA","UNA","UNA","UNA","A","A","X","X","X","X","X","X",2,"X","0","0","0","0","0","1","1","1","1","1","1",0.454545454545455
6,"v807",807,"p2",1,"n","n",1,"脚本家が話し合いで前日にフレーズを直した。",0.632530120481928,0.289156626506024,0.0602409638554217,0.0180722891566265,0.921686746987952,0.349397590361446,"7.8313253012048195E-2","A","A","A","A","A","A","A","A","A","A","A","A","A","A","A",1,"A","1","1","1","1","1","1","1","1","1","1","1",0
7,"v829",829,"p1",1,"n","n",1,"青年が震災で救出時に飼い主と助かった。",0.135483870967742,0.251612903225806,0.225806451612903,0.387096774193548,0.387096774193548,0.477419354838709,"0.61290322580645096","UNA","UNA","UNA","UNA","UNA","UNA","UNA","UNA","UNA","X","UNA","X","UNA","UNA","UNA",3,"UNA","1","1","1","1","1","0","1","0","1","1","1",0.181818181818182
8,"v111",111,"p2",1,"v","v",1,"社長が口頭で社員に解雇を伝わった。",0,0.292517006802721,0.285714285714286,0.421768707482993,0.292517006802721,0.578231292517007,"0.70748299319727903","UNA","UNA","UNA","UNA","UNA","UNA","UNA","UNA","UNA","UNA","UNA","UNA","UNA","UNA","UNA",3,"UNA","1","1","1","1","1","1","1","1","1","1","1",0
9,"v18",18,"p2",3,"o","o",1,"母がキッチンで早朝にラジオを聞いた。",0.777777777777778,0.176470588235294,0.0392156862745098,0.0065359477124183,0.954248366013072,0.215686274509804,"4.5751633986928102E-2","A","A","A","A","A","A","A","A","A","A","A","A","A","A","A",1,"A","1","1","1","1","1","1","1","1","1","1","1",0
0,"v831",831,"p1",1,"p","p",1,"新婚さんが役所が窓口に転居届と届けた。",0.0130718954248366,0.274509803921569,0.287581699346405,0.42483660130719,0.287581699346406,0.562091503267974,"0.7124183006535949","UNA","UNA","UNA","UNA","UNA","UNA","UNA","UNA","UNA","UNA","UNA","UNA","UNA","UNA","UNA",3,"UNA","1","1","1","1","1","1","1","1","1","1","1",0
0,"v1147",1147,"p1",1,"p","p",1,"夫が職場で真夜中に妻へ知り合った。",0.0065359477124183,0.0784313725490196,0.261437908496732,0.65359477124183,0.0849673202614379,0.339869281045752,"0.91503267973856195","UNA","UNA","UNA","UNA","UNA","UNA","UNA","UNA","UNA","UNA","UNA","UNA","UNA","UNA","UNA",3,"UNA","1","1","1","1","1","1","1","1","1","1","1",0
1,"v1147",1147,"p1",1,"p","p",1,"夫が職場で真夜中に妻へ知り合った。",0.00625,0.1125,0.3125,0.56875,0.11875,0.425,"0.88124999999999998","UNA","UNA","UNA","UNA","UNA","UNA","UNA","UNA","UNA","UNA","UNA","UNA","UNA","UNA","UNA",3,"UNA","1","1","1","1","1","1","1","1","1","1","1",0
2,"v1147",1147,"p1",1,"p","p",1,"夫が職場で真夜中に妻へ知り合った。",0.0196078431372549,0.0915032679738562,0.320261437908497,0.568627450980392,0.111111111111111,0.411764705882353,"0.88888888888888906","UNA","UNA","UNA","UNA","UNA","UNA","UNA","UNA","UNA","UNA","UNA","UNA","UNA","UNA","UNA",3,"UNA","1","1","1","1","1","1","1","1","1","1","1",0
3,"v1147",1147,"p1",1,"p","p",1,"夫が職場で真夜中に妻へ知り合った。",0,0.116129032258065,0.354838709677419,0.529032258064516,0.116129032258065,0.470967741935484,"0.88387096774193497","UNA","UNA","UNA","UNA","UNA","UNA","UNA","UNA","UNA","UNA","UNA","UNA","UNA","UNA","UNA",3,"UNA","1","1","1","1","1","1","1","1","1","1","1",0
4,"v1147",1147,"p1",1,"p","p",1,"夫が職場で真夜中に妻へ知り合った。",0.0198675496688742,0.119205298013245,0.364238410596026,0.496688741721854,0.139072847682119,0.483443708609271,"0.86092715231788008","UNA","UNA","UNA","UNA","UNA","UNA","UNA","UNA","UNA","UNA","UNA","UNA","UNA","UNA","UNA",3,"UNA","1","1","1","1","1","1","1","1","1","1","1",0
5,"v1147",1147,"p1",1,"p","p",1,"夫が職場で真夜中に妻へ知り合った。",0.00689655172413793,0.0551724137931034,0.310344827586207,0.627586206896552,0.0620689655172413,0.36551724137931,"0.93793103448275894","UNA","UNA","UNA","UNA","UNA","UNA","UNA","UNA","UNA","UNA","UNA","UNA","UNA","UNA","UNA",3,"UNA","1","1","1","1","1","1","1","1","1","1","1",0
6,"v1147",1147,"p1",1,"p","p",1,"夫が職場で真夜中に妻へ知り合った。",0.00602409638554217,0.0963855421686747,0.27710843373494,0.620481927710843,0.102409638554217,0.373493975903615,"0.89759036144578297","UNA","UNA","UNA","UNA","UNA","UNA","UNA","UNA","UNA","UNA","UNA","UNA","UNA","UNA","UNA",3,"UNA","1","1","1","1","1","1","1","1","1","1","1",0
7,"v1147",1147,"p1",1,"p","p",1,"夫が職場で真夜中に妻へ知り合った。",0.00645161290322581,0.0903225806451613,0.348387096774194,0.554838709677419,0.0967741935483871,0.438709677419355,"0.90322580645161299","UNA","UNA","UNA","UNA","UNA","UNA","UNA","UNA","UNA","UNA","UNA","UNA","UNA","UNA","UNA",3,"UNA","1","1","1","1","1","1","1","1","1","1","1",0
8,"v1147",1147,"p1",1,"p","p",1,"夫が職場で真夜中に妻へ知り合った。",0,0.102040816326531,0.27891156462585,0.619047619047619,0.102040816326531,0.380952380952381,"0.89795918367346894","UNA","UNA","UNA","UNA","UNA","UNA","UNA","UNA","UNA","UNA","UNA","UNA","UNA","UNA","UNA",3,"UNA","1","1","1","1","1","1","1","1","1","1","1",0
9,"v1147",1147,"p1",1,"p","p",1,"夫が職場で真夜中に妻へ知り合った。",0.0130718954248366,0.0980392156862745,0.287581699346405,0.601307189542484,0.111111111111111,0.385620915032679,"0.88888888888888895","UNA","UNA","UNA","UNA","UNA","UNA","UNA","UNA","UNA","UNA","UNA","UNA","UNA","UNA","UNA",3,"UNA","1","1","1","1","1","1","1","1","1","1","1",0
0,"v44",44,"p4",1,"n","n",1,"学生が合格発表の場で足下から幸福を感じた。",0.209150326797386,0.411764705882353,0.228758169934641,0.150326797385621,0.620915032679739,0.640522875816994,"0.37908496732026198","A","A","A","UNA","UNA","UNA","UNA","A","A","X","X","X","X","X","X",2,"X","0","0","0","0","0","1","1","1","1","1","1",0.454545454545455
1,"v44",44,"p4",1,"n","n",1,"学生が合格発表の場で足下から幸福を感じた。",0.19375,0.4375,0.23125,0.1375,0.63125,0.66875,"0.36875000000000002","A","A","A","UNA","UNA","UNA","UNA","A","A","X","X","X","X","X","X",2,"X","0","0","0","0","0","1","1","1","1","1","1",0.454545454545455
2,"v44",44,"p4",1,"n","n",1,"学生が合格発表の場で足下から幸福を感じた。",0.215686274509804,0.372549019607843,0.254901960784314,0.156862745098039,0.588235294117647,0.627450980392157,"0.41176470588235298","A","A","UNA","UNA","UNA","UNA","UNA","A","X","X","X","X","X","X","X",2,"X","0","0","0","0","1","1","1","1","1","1","1",0.363636363636364
3,"v44",44,"p4",1,"n","n",1,"学生が合格発表の場で足下から幸福を感じた。",0.212903225806452,0.406451612903226,0.232258064516129,0.148387096774194,0.619354838709678,0.638709677419355,"0.380645161290323","A","A","A","UNA","UNA","UNA","UNA","A","A","X","X","X","X","X","X",2,"X","0","0","0","0","0","1","1","1","1","1","1",0.454545454545455
4,"v44",44,"p4",1,"n","n",1,"学生が合格発表の場で足下から幸福を感じた。",0.178807947019868,0.509933774834437,0.211920529801325,0.0993377483443709,0.688741721854305,0.721854304635762,"0.3112582781456959","A","A","A","UNA","UNA","UNA","UNA","A","A","X","X","X","X","X","X",2,"X","0","0","0","0","0","1","1","1","1","1","1",0.454545454545455
5,"v44",44,"p4",1,"n","n",1,"学生が合格発表の場で足下から幸福を感じた。",0.227586206896552,0.448275862068966,0.213793103448276,0.110344827586207,0.675862068965518,0.662068965517242,"0.32413793103448302","A","A","A","UNA","UNA","UNA","A","A","A","X","X","X","A","X","X",2,"X","0","0","0","0","0","1","1","1","0","1","1",0.545454545454545
6,"v44",44,"p4",1,"n","n",1,"学生が合格発表の場で足下から幸福を感じた。",0.216867469879518,0.427710843373494,0.216867469879518,0.13855421686747,0.644578313253012,0.644578313253012,"0.35542168674698799","A","A","A","UNA","UNA","UNA","A","A","A","X","X","X","A","X","X",2,"X","0","0","0","0","0","1","1","1","0","1","1",0.545454545454545
7,"v44",44,"p4",1,"n","n",1,"学生が合格発表の場で足下から幸福を感じた。",0.258064516129032,0.380645161290323,0.238709677419355,0.12258064516129,0.638709677419355,0.619354838709678,"0.36129032258064497","A","A","A","UNA","UNA","UNA","A","A","A","X","X","X","A","X","X",2,"X","0","0","0","0","0","1","1","1","0","1","1",0.545454545454545
8,"v44",44,"p4",1,"n","n",1,"学生が合格発表の場で足下から幸福を感じた。",0.224489795918367,0.394557823129252,0.224489795918367,0.156462585034014,0.619047619047619,0.619047619047619,"0.38095238095238104","A","A","A","UNA","UNA","UNA","A","A","A","X","X","X","A","X","X",2,"X","0","0","0","0","0","1","1","1","0","1","1",0.545454545454545
9,"v44",44,"p4",1,"n","n",1,"学生が合格発表の場で足下から幸福を感じた。",0.202614379084967,0.437908496732026,0.209150326797386,0.150326797385621,0.640522875816993,0.647058823529412,"0.35947712418300698","A","A","A","UNA","UNA","UNA","UNA","A","A","X","X","X","X","X","X",2,"X","0","0","0","0","0","1","1","1","1","1","1",0.454545454545455
